PlayerId;Year;Team Id;League Id;GP;G;A;PIM;+/-;PP G;PP A;SH G;SH A;GR;GWG;SOG;FO;FO W;HIT;GvA;TkA;SB;TOI;PPTOI;SHTOI;Fights;Fights Won
6;2019;0;9999;7;2;1;6;-1;0;0;1;0;68;0;11;0;0;15;5;5;9;8576;286;556;0;0
9;2023;0;9999;15;2;2;10;7;0;0;0;0;68;0;35;2;1;20;6;10;19;17406;453;753;2;1
9;2020;0;9999;7;1;1;9;-2;0;0;0;0;63;0;10;0;0;9;2;2;10;8159;0;92;1;0
9;2021;0;9999;7;0;5;2;-3;0;0;0;0;64;0;11;1;0;14;1;5;10;7277;0;6;0;0
9;2022;0;9999;16;5;5;2;-1;2;2;0;0;73;1;65;1;1;19;9;12;11;17424;2536;380;0;0
10;2023;4;9999;11;6;0;15;-5;0;0;0;0;60;2;26;0;0;23;15;7;31;13486;0;661;3;0
10;2019;4;9999;7;1;1;2;0;0;0;0;1;49;0;6;0;0;8;4;0;6;4660;90;461;0;0
10;2020;4;9999;14;0;5;12;-4;0;0;0;0;53;0;16;0;0;19;3;4;9;13510;0;1029;2;0
10;2021;4;9999;17;1;2;5;5;0;0;0;0;61;0;32;0;0;25;9;6;15;17575;102;918;1;1
10;2022;4;9999;17;2;3;14;2;0;0;1;0;62;1;34;0;0;31;22;15;24;21755;114;1449;2;2
12;2023;15;9999;13;1;7;7;6;0;0;0;0;54;0;18;3;1;7;14;8;8;13184;0;401;1;0
12;2021;15;9999;10;2;0;0;-4;0;0;0;0;58;2;12;0;0;15;3;5;23;11445;513;544;0;0
12;2022;15;9999;6;1;1;0;-6;0;1;0;0;61;0;9;0;0;10;2;1;2;5860;787;112;0;0
13;2023;4;9999;11;2;4;2;-2;0;0;0;0;59;1;21;32;18;29;14;3;21;11374;176;781;0;0
13;2022;4;9999;17;3;1;0;-3;0;0;0;0;53;0;14;0;0;14;8;2;8;6869;0;7;0;0
16;2023;7;9999;4;0;2;0;1;0;0;0;0;63;0;9;22;8;2;3;0;2;3879;128;600;0;0
16;2021;7;9999;4;1;0;0;0;0;0;0;0;53;0;5;3;2;0;1;0;2;1851;0;0;0;0
16;2022;7;9999;5;0;1;0;-2;0;0;0;0;56;0;2;49;21;3;2;1;1;3793;92;0;0;0
18;2023;14;9999;5;2;0;0;2;0;0;0;0;55;1;16;0;0;4;6;0;2;4547;49;0;0;0
18;2021;14;9999;4;0;0;0;-4;0;0;0;0;55;0;7;2;2;6;2;0;0;3907;245;0;0;0
18;2022;14;9999;5;1;2;0;-3;0;0;0;0;54;1;9;9;3;1;7;1;0;5748;138;233;0;0
20;2019;0;9999;7;1;0;4;0;0;0;0;0;63;0;9;49;30;5;2;0;3;4345;1519;0;0;0
20;2020;0;9999;7;2;4;2;1;1;1;0;0;72;0;16;116;50;19;7;1;5;7924;597;616;0;0
20;2021;0;9999;7;3;2;0;0;1;0;0;0;67;0;24;107;47;14;3;2;3;6936;1197;135;0;0
21;2019;0;9999;7;1;1;2;-2;0;0;0;0;62;0;11;1;0;12;3;2;5;7738;448;168;0;0
24;2023;14;9999;5;0;1;0;-3;0;0;0;0;54;0;4;35;14;4;2;1;1;3684;0;149;0;0
24;2021;15;9999;10;2;1;2;-1;0;0;0;0;50;0;11;84;41;13;6;0;1;5522;0;312;0;0
24;2022;14;9999;5;0;0;2;-2;0;0;0;0;51;0;2;19;9;3;1;0;0;1607;0;168;0;0
29;2019;0;9999;7;0;2;12;0;0;0;0;0;59;0;2;12;4;1;0;5;3;4357;5;692;0;0
30;2023;15;9999;13;1;3;0;2;0;0;0;0;58;0;13;9;6;16;10;11;10;13114;407;277;0;0
30;2021;15;9999;10;2;3;0;-3;0;0;0;0;53;0;17;10;3;6;4;3;11;8139;0;83;0;0
30;2022;15;9999;6;1;0;0;-1;0;0;0;0;58;0;5;3;1;6;1;3;6;5666;217;280;0;0
31;2023;3;9999;14;3;4;2;3;1;1;0;0;62;0;23;20;10;13;7;13;19;13507;781;737;0;0
31;2021;3;9999;8;1;4;0;-3;0;1;0;0;58;0;15;13;5;3;2;0;6;7539;419;0;0;0
31;2022;3;9999;17;2;6;0;6;0;1;0;0;64;1;51;26;10;12;6;6;11;15649;1985;8;0;0
32;2020;0;9999;7;0;0;0;-1;0;0;0;0;57;0;4;61;24;6;0;5;4;4609;0;86;0;0
32;2021;0;9999;7;0;2;4;-2;0;0;0;0;55;0;14;9;5;6;1;1;5;5529;0;51;0;0
43;2023;9;9999;5;1;2;2;-2;0;0;0;0;59;0;12;0;0;11;3;3;8;6038;157;105;0;0
44;2023;5;9999;20;0;4;33;7;0;0;0;0;56;0;25;33;5;75;8;7;13;17927;0;1031;0;0
44;2019;5;9999;12;1;1;16;-4;0;0;0;0;54;0;11;0;0;12;0;3;3;13437;161;599;0;0
44;2020;5;9999;16;0;4;8;4;0;0;0;0;55;0;13;1;0;10;2;6;15;13001;0;566;0;0
44;2021;5;9999;6;1;0;0;-3;0;0;0;0;55;0;7;0;0;7;2;0;3;4670;90;552;0;0
44;2022;5;9999;7;0;0;2;2;0;0;0;0;58;0;13;0;0;7;1;0;4;8086;0;296;0;0
49;2023;0;9999;15;2;5;0;5;0;0;0;1;63;1;24;26;9;16;4;8;14;14704;0;704;0;0
49;2021;0;9999;7;0;1;2;-5;0;0;0;0;54;0;7;59;13;6;0;2;5;3852;92;51;0;0
49;2022;0;9999;16;1;5;0;3;0;0;0;0;61;0;24;184;63;17;1;4;9;14136;0;0;0;0
54;2019;1;9999;15;2;3;4;4;0;1;0;0;70;0;23;0;0;14;6;4;9;17430;508;671;0;0
62;2023;1;9999;7;2;6;2;3;0;3;0;0;69;1;15;0;0;7;6;5;5;7544;1307;725;0;0
62;2020;1;9999;12;0;3;2;-1;0;0;0;0;57;0;26;3;1;9;6;1;6;10389;0;206;0;0
62;2021;1;9999;17;4;5;10;-3;1;2;0;0;66;1;53;0;0;19;7;7;17;22697;2510;186;0;0
62;2022;1;9999;11;1;4;7;-12;1;0;0;1;63;0;19;0;0;10;9;7;21;13675;1936;1265;1;0
64;2023;6;9999;6;2;4;14;-3;0;1;0;0;58;0;14;6;4;43;4;3;1;5659;63;639;2;0
64;2021;6;9999;6;3;0;17;0;0;0;0;0;62;1;12;5;1;51;2;3;3;7234;0;110;3;1
64;2022;6;9999;11;1;3;37;2;0;0;0;0;55;0;22;19;7;40;10;2;8;9468;0;584;3;0
74;2023;5;9999;20;1;5;4;11;0;0;0;0;54;0;27;0;0;10;3;4;3;20140;0;1224;0;0
74;2021;15;9999;10;0;2;2;-3;0;0;0;0;62;0;7;0;0;13;5;2;5;11286;0;411;0;0
78;2023;5;9999;20;2;8;0;8;0;0;1;0;56;0;26;1;0;14;22;8;22;20458;0;2407;0;0
78;2022;5;9999;7;2;1;2;-2;0;0;0;0;55;0;15;0;0;6;10;2;6;5615;0;405;0;0
81;2021;2;9999;24;4;7;8;3;0;0;0;0;60;2;38;30;18;29;12;6;23;21631;2501;0;0;0
81;2022;2;9999;12;0;2;2;1;0;0;0;0;57;0;18;9;6;8;2;2;8;6450;1490;121;0;0
86;2023;4;9999;11;3;3;0;-3;1;1;0;0;59;0;38;0;0;4;3;0;16;11911;770;0;0;0
86;2022;4;9999;17;3;4;4;3;0;0;0;0;55;1;31;1;0;9;12;3;6;15475;65;0;0;0
91;2023;6;9999;6;0;2;6;3;0;0;0;0;56;0;2;4;2;4;3;0;6;3174;154;114;0;0
91;2019;6;9999;3;0;0;0;-3;0;0;0;0;50;0;2;0;0;1;2;0;1;2505;71;87;0;0
91;2020;6;9999;5;0;0;0;-2;0;0;0;0;52;0;3;1;0;4;3;0;5;3888;0;584;0;0
91;2021;6;9999;6;0;3;2;-1;0;0;0;0;62;0;11;0;0;13;2;8;14;8754;0;257;0;0
91;2022;6;9999;11;1;2;6;1;0;0;0;0;60;0;20;1;1;26;12;6;10;12267;0;678;0;0
96;2023;0;9999;15;0;6;2;4;0;0;0;0;57;0;20;118;54;20;5;2;4;12707;0;0;0;0
96;2022;0;9999;16;1;4;2;5;0;0;0;0;55;0;19;1;0;4;3;3;3;13374;0;0;0;0
97;2023;2;9999;5;1;1;2;-2;0;0;0;0;62;0;5;70;45;5;6;2;7;4691;566;0;0;0
97;2021;2;9999;24;5;10;6;-3;3;3;0;0;61;2;44;390;219;25;13;9;36;22196;2479;32;0;0
97;2022;2;9999;12;4;5;0;3;1;1;0;0;67;0;26;219;128;14;1;6;19;11872;1430;43;0;0
98;2023;2;9999;5;1;1;2;2;0;0;0;0;55;0;7;1;0;5;3;1;5;4243;0;0;0;0
98;2021;2;9999;24;5;17;23;6;1;1;0;0;57;1;39;12;1;46;10;3;33;20830;1014;7;0;0
98;2022;2;9999;12;3;5;0;-4;1;0;0;0;56;1;22;12;3;5;3;2;6;10967;380;0;0;0
105;2023;14;9999;5;0;1;2;-8;0;1;0;0;72;0;13;4;1;4;2;0;6;5898;387;27;0;0
105;2021;14;9999;4;0;1;0;-4;0;0;0;0;60;0;3;0;0;5;3;1;7;4362;99;239;0;0
105;2022;14;9999;5;2;1;0;3;2;0;0;0;71;0;10;0;0;3;6;3;6;5879;288;610;0;0
111;2023;3;9999;14;1;3;2;-9;0;0;0;0;52;0;12;2;2;18;2;1;8;16476;481;429;0;0
111;2021;3;9999;8;1;2;4;-3;0;0;0;0;60;0;14;1;0;6;7;4;15;8859;344;545;0;0
111;2022;3;9999;17;2;3;2;4;0;0;0;0;59;1;42;3;0;19;8;7;9;17342;0;443;0;0
116;2021;15;9999;10;1;3;2;0;0;0;0;0;52;0;5;12;7;4;1;3;16;5881;0;126;0;0
117;2023;5;9999;20;2;13;2;3;0;0;0;1;56;0;34;3;0;12;6;7;28;23397;9;2406;0;0
117;2020;7;9999;7;0;0;2;0;0;0;0;0;52;0;8;0;0;2;0;1;3;5770;30;327;0;0
117;2021;7;9999;4;0;1;2;-2;0;0;0;0;57;0;18;0;0;4;1;2;0;4893;215;236;0;0
117;2022;7;9999;5;2;2;0;0;0;0;0;0;60;0;10;0;0;3;3;2;7;6296;329;176;0;0
118;2020;5;9999;16;3;3;2;0;0;0;0;0;57;1;39;26;13;6;12;6;19;15366;758;0;0;0
131;2023;2;9999;5;1;1;2;-2;0;0;0;0;62;0;10;6;0;4;4;1;6;4716;566;0;0;0
131;2021;2;9999;24;2;9;0;4;0;2;0;0;59;0;44;0;0;6;6;9;21;21836;2479;0;0;0
131;2022;2;9999;12;2;7;4;-2;0;1;0;0;67;0;41;0;0;5;4;1;7;11723;1403;0;0;0
143;2023;2;9999;5;1;2;2;-1;0;0;0;0;53;1;8;1;0;16;5;1;7;6441;0;274;0;0
143;2021;2;9999;24;2;7;12;1;0;0;0;1;61;0;33;0;0;31;16;7;45;24278;96;3474;0;0
143;2022;2;9999;12;1;3;4;0;0;0;0;0;59;0;14;1;1;27;14;3;21;15643;0;806;0;0
144;2023;7;9999;4;0;1;2;-3;0;0;0;0;53;0;8;1;0;4;2;1;2;5049;0;563;0;0
144;2022;0;9999;16;2;1;0;-3;0;0;0;0;53;0;19;0;0;13;2;2;3;11865;0;153;0;0
145;2023;3;9999;14;1;11;0;-7;1;5;0;0;69;1;33;0;0;14;12;6;18;16468;2112;718;0;0
145;2021;3;9999;8;1;2;0;-3;0;0;0;0;63;0;14;5;1;10;1;2;1;8838;1226;622;0;0
145;2022;3;9999;17;1;9;2;11;0;1;0;0;67;0;54;0;0;23;4;4;9;20184;1985;483;0;0
146;2023;5;9999;20;3;2;2;-3;1;0;0;0;59;2;32;1;1;12;18;6;10;22809;845;803;0;0
146;2022;5;9999;7;1;1;4;-1;0;0;0;0;55;1;11;0;0;5;0;0;2;5667;244;330;0;0
151;2019;9;9999;4;0;3;0;0;0;0;0;0;61;0;3;8;3;2;1;2;6;3170;139;150;0;0
158;2023;3;9999;14;3;10;2;1;1;4;0;0;69;0;24;263;156;17;7;10;8;14493;1812;1350;0;0
158;2021;3;9999;8;1;4;2;0;1;0;0;0;57;1;6;97;53;4;0;1;3;6206;419;346;0;0
158;2022;3;9999;17;3;8;0;7;0;1;0;0;63;0;35;267;144;19;3;4;6;16072;805;808;0;0
161;2019;4;9999;7;0;1;0;-4;0;0;0;0;55;0;5;27;9;3;1;1;4;5559;383;754;0;0
161;2020;4;9999;14;0;5;0;-2;0;0;0;0;53;0;14;15;6;9;3;2;9;9662;0;416;0;0
161;2021;4;9999;17;2;7;4;3;0;0;0;1;60;0;32;68;27;23;7;6;37;14586;0;1749;0;0
161;2022;4;9999;17;4;6;2;2;0;0;0;1;65;0;31;62;33;23;7;10;25;16964;454;1385;0;0
164;2023;15;9999;13;5;5;4;2;3;2;0;0;61;1;35;14;4;11;6;1;6;12893;1189;0;0;0
164;2019;4;9999;2;0;0;0;-1;0;0;0;0;51;0;3;0;0;0;1;0;0;672;0;0;0;0
164;2020;4;9999;14;7;2;0;4;0;0;0;0;55;1;26;6;3;5;4;1;2;8738;0;0;0;0
164;2021;4;9999;17;3;5;0;4;0;1;0;0;58;0;37;0;0;8;2;3;4;15811;726;0;0;0
164;2022;4;9999;17;3;10;6;8;0;0;0;0;62;0;41;4;2;10;8;8;11;17240;1337;53;0;0
169;2019;5;9999;12;0;2;2;-2;0;0;0;0;51;0;9;0;0;14;4;3;18;10622;0;817;0;0
176;2023;5;9999;20;3;5;4;3;1;2;0;0;63;1;40;2;2;15;11;10;42;21945;2581;1537;0;0
176;2020;5;9999;16;2;3;7;5;0;0;0;0;58;0;19;1;0;10;5;5;4;17432;0;1646;1;0
176;2021;5;9999;6;1;1;2;-3;0;0;0;0;71;0;19;0;0;4;0;4;3;7654;201;721;0;0
176;2022;5;9999;7;0;3;2;6;0;0;0;0;66;0;17;0;0;8;2;2;18;9662;244;712;0;0
180;2019;5;9999;12;1;3;2;-8;0;0;0;0;54;1;19;37;13;9;6;4;12;10075;528;1422;0;0
180;2020;5;9999;16;2;1;2;3;0;0;0;0;55;0;24;38;9;7;7;11;21;13800;0;1799;0;0
182;2023;9;9999;5;2;2;0;0;0;1;0;0;70;0;12;6;3;9;3;2;8;4729;903;84;0;0
182;2020;9;9999;20;1;3;2;0;0;0;0;0;51;0;6;0;0;5;1;1;2;6629;0;18;0;0
182;2021;9;9999;11;0;0;0;-3;0;0;0;0;52;0;8;0;0;2;4;1;4;8200;0;42;0;0
182;2022;9;9999;12;7;5;2;-3;1;0;0;0;61;1;24;0;0;20;8;2;20;12535;508;0;0;0
183;2021;8;9999;4;1;4;0;-1;1;1;0;0;54;0;8;3;0;7;1;0;2;2993;388;0;0;0
184;2020;1;9999;12;1;2;2;1;0;0;0;0;51;0;5;5;4;3;4;2;0;3882;15;0;0;0
184;2021;15;9999;10;1;4;2;1;0;0;0;0;56;0;5;23;10;5;4;3;11;5838;0;722;0;0
184;2022;15;9999;6;0;0;0;-2;0;0;0;0;52;0;2;2;1;1;3;3;1;2938;0;188;0;0
184;2023;15;9999;13;2;9;0;5;0;0;0;0;56;0;22;2;1;13;8;2;3;12482;0;106;0;0
187;2023;7;9999;4;2;2;2;1;0;0;0;0;63;0;4;51;22;6;2;5;3;3864;139;25;0;0
187;2022;7;9999;5;0;0;0;-1;0;0;0;0;55;0;1;9;5;6;4;1;12;3504;97;152;0;0
189;2023;9;9999;5;0;2;0;2;0;0;0;0;62;0;6;76;31;4;6;2;7;4898;217;142;0;0
189;2022;9;9999;12;0;0;2;-2;0;0;0;0;60;0;16;145;63;14;4;5;11;9587;0;240;0;0
191;2023;2;9999;5;1;1;0;-1;0;0;0;0;67;0;6;65;33;0;2;2;6;4974;0;226;0;0
191;2021;2;9999;24;2;4;6;-2;0;2;0;0;53;0;12;13;6;1;4;2;10;11454;996;298;0;0
191;2022;2;9999;12;1;1;0;-3;0;0;0;0;58;0;10;132;79;7;1;3;20;10907;320;0;0;0
193;2019;5;9999;12;2;2;0;1;0;0;0;0;57;1;11;8;2;2;2;2;11;5181;0;899;0;0
194;2023;14;9999;5;0;0;0;-2;0;0;0;0;58;0;5;7;2;3;1;2;0;3955;384;93;0;0
194;2021;14;9999;4;0;1;0;-5;0;0;0;0;52;0;10;3;2;4;0;2;1;4218;122;0;0;0
194;2022;14;9999;5;0;1;12;1;0;1;0;0;57;0;9;2;2;0;7;1;5;3937;277;0;0;0
196;2019;5;9999;12;1;2;4;-3;0;0;0;0;58;0;22;15;5;16;6;5;14;12633;483;0;0;0
196;2020;5;9999;16;1;2;2;2;0;0;0;0;54;0;12;12;5;14;4;2;6;7321;88;939;0;0
196;2021;5;9999;6;1;2;0;0;0;0;1;0;61;0;17;23;8;8;3;2;7;5577;275;756;0;0
196;2022;5;9999;7;1;1;0;-1;0;0;0;0;55;0;11;22;10;13;4;1;4;5178;0;761;0;0
210;2023;6;9999;6;0;2;0;-4;0;1;0;0;54;0;13;2;1;9;11;3;10;6014;379;818;0;0
210;2019;6;9999;4;0;0;0;-2;0;0;0;0;50;0;2;0;0;7;1;2;5;4542;0;137;0;0
210;2020;6;9999;5;1;0;0;-2;0;0;0;0;58;0;12;3;1;6;2;5;13;6068;0;799;0;0
210;2021;6;9999;6;0;2;7;2;0;0;0;0;58;0;13;0;0;18;0;0;8;8547;15;367;1;0
210;2022;6;9999;11;1;8;5;3;0;0;0;1;57;0;25;1;0;12;9;4;17;12806;0;1084;1;1
213;2019;6;9999;4;1;0;2;-2;0;0;0;0;65;0;10;0;0;2;2;2;6;4107;694;0;0;0
216;2023;14;9999;5;1;0;2;-5;1;0;0;0;59;0;8;5;0;4;1;5;2;4933;384;0;0;0
216;2020;9;9999;20;1;0;0;0;0;0;0;0;51;0;16;19;10;2;8;2;3;6610;0;172;0;0
216;2021;14;9999;4;0;0;0;-5;0;0;0;0;51;0;5;2;0;2;5;1;4;4150;122;0;0;0
216;2022;14;9999;5;1;3;0;-3;0;1;0;0;57;0;12;3;2;1;7;0;4;5922;277;0;0;0
217;2019;6;9999;4;0;0;0;-2;0;0;0;0;56;0;3;4;0;4;1;2;2;3328;0;91;0;0
218;2019;6;9999;3;0;1;0;-2;0;0;0;0;58;0;2;17;8;1;0;0;1;1528;0;0;0;0
223;2021;1;9999;1;0;0;0;0;0;0;0;0;54;0;0;2;0;0;0;0;0;207;0;0;0;0
224;2023;15;9999;13;5;4;2;5;0;0;0;0;56;1;22;17;11;9;12;4;3;12613;459;0;0;0
224;2022;15;9999;6;0;0;0;-4;0;0;0;0;53;0;9;7;4;3;4;0;1;5690;217;0;0;0
226;2019;6;9999;4;0;2;0;-1;0;0;0;0;67;0;3;1;1;1;1;3;6;3421;189;196;0;0
226;2020;6;9999;5;0;0;4;-5;0;0;0;0;56;0;3;0;0;2;2;2;15;4847;567;0;0;0
226;2021;6;9999;6;1;0;0;-1;0;0;0;0;61;0;11;12;3;1;0;0;3;2965;349;486;0;0
226;2022;6;9999;11;2;9;14;1;1;2;0;1;64;0;26;30;7;3;1;1;14;7203;1181;973;0;0
236;2019;7;9999;17;1;3;2;0;0;1;0;0;56;0;12;0;0;37;9;3;4;13042;566;870;0;0
236;2020;7;9999;7;0;1;0;0;0;0;0;0;53;0;4;0;0;7;3;0;4;5803;0;391;0;0
236;2021;7;9999;4;0;1;0;0;0;0;0;0;54;0;2;1;0;3;0;1;1;3148;0;205;0;0
238;2023;15;9999;13;1;5;0;4;0;0;0;0;65;0;27;0;0;18;10;5;14;16439;0;779;0;0
238;2020;8;9999;7;0;2;0;-4;0;0;0;0;50;0;12;0;0;16;1;1;3;7762;0;75;0;0
238;2021;15;9999;10;0;1;2;0;0;0;0;1;61;0;10;2;1;10;5;4;16;10878;0;809;0;0
238;2022;15;9999;6;0;3;0;2;0;0;0;0;67;0;12;0;0;15;4;2;4;7099;0;432;0;0
242;2021;15;9999;10;0;2;0;-5;0;0;0;0;56;0;14;2;2;8;4;6;16;10805;513;161;0;0
245;2019;7;9999;17;7;7;0;5;0;1;0;0;69;4;38;203;103;2;4;6;10;14889;511;972;0;0
245;2020;7;9999;7;0;2;2;-3;0;0;0;0;66;0;9;101;56;1;0;2;7;6639;219;380;0;0
245;2021;7;9999;4;1;2;4;-1;0;0;0;0;63;0;7;61;28;1;0;2;2;3644;729;225;0;0
249;2023;6;9999;6;1;1;0;-3;0;0;0;0;59;0;13;0;0;4;8;3;3;5596;904;0;0;0
249;2022;6;9999;11;2;3;4;-1;0;0;0;0;60;0;26;0;0;13;5;7;7;9989;0;10;0;0
251;2019;7;9999;17;0;0;0;1;0;0;0;0;53;0;9;31;11;8;3;2;10;7238;0;926;0;0
255;2023;9;9999;5;0;0;0;-3;0;0;0;0;49;0;2;2;1;1;1;0;0;2052;0;0;0;0
255;2019;5;9999;12;1;3;2;1;0;0;0;0;50;0;6;7;6;9;1;0;5;4959;0;150;0;0
256;2023;15;9999;13;3;7;6;4;0;0;0;0;61;1;26;174;97;18;6;6;17;12800;407;561;0;0
256;2020;1;9999;12;2;1;0;1;0;0;0;0;54;0;7;53;23;2;0;5;3;4320;0;310;0;0
256;2021;15;9999;10;2;4;4;1;1;0;0;0;65;0;16;100;42;11;6;3;9;9244;1706;0;0;0
256;2022;15;9999;6;0;1;16;-4;0;0;0;0;68;0;9;83;35;10;1;6;4;5568;217;215;0;0
257;2023;7;9999;4;1;3;0;1;0;0;0;0;55;0;5;5;2;3;1;4;4;3778;0;600;0;0
257;2019;7;9999;17;1;1;0;0;0;0;0;0;53;0;16;22;13;5;2;2;1;7394;0;0;0;0
257;2020;7;9999;7;0;1;0;-2;0;0;0;0;55;0;2;43;19;1;0;2;5;3006;0;225;0;0
257;2021;7;9999;4;0;1;0;0;0;0;0;0;62;0;1;43;20;4;2;2;4;3396;0;318;0;0
257;2022;7;9999;5;0;0;0;-1;0;0;0;0;68;0;5;6;2;1;4;6;3;5572;199;511;0;0
261;2023;5;9999;20;8;7;9;9;3;1;0;0;63;0;55;1;0;15;17;2;13;17542;2607;13;1;0
261;2019;6;9999;4;0;1;0;-2;0;0;0;0;50;0;3;0;0;2;1;1;1;2001;0;0;0;0
261;2020;6;9999;5;1;2;0;-1;0;0;0;0;59;0;12;0;0;2;3;0;0;3853;364;0;0;0
261;2021;6;9999;6;0;3;2;0;0;1;0;0;62;0;15;0;0;0;5;4;4;7239;721;0;0;0
261;2022;5;9999;7;4;2;2;1;0;1;0;0;65;1;22;0;0;8;7;2;9;6886;900;0;0;0
262;2023;14;9999;5;1;1;0;-5;0;0;0;0;59;0;5;0;0;7;3;4;2;4914;0;282;0;0
262;2021;14;9999;4;1;0;0;-4;0;0;0;0;53;0;4;0;0;5;2;3;1;3840;245;0;0;0
262;2022;14;9999;5;1;2;2;-2;0;0;0;0;56;0;10;22;7;4;9;1;8;5421;45;501;0;0
268;2019;8;9999;14;1;2;2;4;0;0;0;0;53;0;12;1;1;10;4;0;6;10678;50;339;0;0
270;2019;8;9999;14;0;1;8;-2;0;0;0;0;55;0;11;0;0;22;3;12;24;18611;254;1136;0;0
272;2023;15;9999;13;4;5;0;2;1;1;0;0;60;1;20;0;0;7;16;5;4;13205;1137;0;0;0
272;2022;15;9999;6;1;2;2;1;0;0;0;0;58;0;8;0;0;3;2;2;2;5708;195;34;0;0
273;2023;1;9999;7;1;4;4;-4;0;2;0;0;65;0;15;0;0;12;2;1;5;5861;1289;0;0;0
273;2021;1;9999;16;0;1;0;-2;0;0;0;0;51;0;4;73;25;3;3;0;4;5835;30;77;0;0
273;2022;1;9999;11;0;2;6;-4;0;0;0;0;57;0;20;29;14;10;10;8;6;10709;0;1109;0;0
276;2019;8;9999;14;3;2;6;3;0;0;0;0;56;1;11;29;10;16;1;6;11;6827;46;827;0;0
279;2023;9;9999;5;2;2;0;4;0;0;0;0;60;0;8;3;0;2;3;3;3;5136;217;0;0;0
279;2022;9;9999;12;2;1;0;-3;0;0;0;0;57;1;16;11;4;2;10;1;6;9710;0;102;0;0
285;2019;8;9999;14;2;2;2;-3;0;0;0;0;52;0;29;151;77;37;8;0;4;12362;305;193;0;0
286;2020;8;9999;7;0;1;2;-1;0;0;0;0;54;0;6;1;0;4;0;2;3;4273;0;383;0;0
286;2021;8;9999;4;0;1;4;-1;0;0;0;0;54;0;3;3;2;4;1;1;1;2934;0;179;0;0
287;2023;3;9999;14;1;7;7;0;1;5;0;0;67;0;30;0;0;26;10;6;21;14892;2112;1279;1;0
287;2021;3;9999;8;1;1;0;-2;0;0;0;0;53;0;9;2;0;9;2;2;2;7039;0;512;0;0
287;2022;3;9999;17;4;6;6;6;0;0;1;0;60;1;33;0;0;33;12;4;10;18666;0;1032;0;0
292;2022;7;9999;5;0;1;0;0;0;0;0;0;51;0;3;0;0;3;5;1;1;5036;0;0;0;0
296;2023;8;9999;11;3;6;0;0;1;1;0;0;61;0;32;1;0;3;6;2;4;9652;1002;0;0;0
296;2020;8;9999;7;3;0;5;-1;0;0;0;0;55;0;10;0;0;10;2;1;6;6891;253;0;1;0
296;2021;8;9999;4;1;0;0;-1;0;0;0;0;68;0;6;0;0;9;1;0;1;3713;1077;0;0;0
296;2022;8;9999;7;0;5;0;3;0;1;0;0;67;0;18;6;3;4;0;2;8;7277;612;666;0;0
303;2019;7;9999;17;0;6;6;10;0;0;0;0;63;0;31;0;0;13;4;3;19;21609;0;332;0;0
304;2021;14;9999;2;0;1;0;0;0;0;0;0;58;0;2;0;0;4;0;0;1;1818;0;0;0;0
304;2022;1;9999;11;0;1;2;-5;0;0;0;0;52;0;5;1;0;14;0;7;14;9184;81;365;0;0
305;2019;9;9999;4;0;0;0;-3;0;0;0;0;53;0;9;0;0;3;2;0;8;4781;0;269;0;0
306;2019;9;9999;4;0;1;0;-1;0;0;0;0;68;0;8;0;0;10;2;3;3;5652;279;339;0;0
306;2021;7;9999;4;0;2;2;-4;0;0;0;0;59;0;8;2;0;3;1;4;7;4555;729;291;0;0
306;2022;6;9999;11;1;0;0;-3;0;0;0;0;59;0;14;8;1;7;4;0;14;8198;0;808;0;0
308;2023;8;9999;11;1;1;2;-1;0;0;0;0;60;0;15;1;1;25;4;5;26;11855;238;1496;0;0
308;2021;8;9999;4;1;0;2;-2;0;0;0;0;56;0;6;1;0;6;4;2;2;3219;0;289;0;0
308;2022;8;9999;7;0;2;11;2;0;0;0;0;63;0;11;0;0;18;2;1;4;8009;651;476;1;0
313;2023;15;9999;13;1;2;0;-3;0;0;0;0;54;0;9;10;5;13;8;1;8;6189;0;124;0;0
313;2019;9;9999;4;0;1;2;0;0;0;0;0;53;0;1;1;0;8;1;0;1;3119;0;0;0;0
313;2020;6;9999;5;1;1;5;-1;0;0;0;0;60;0;6;5;2;11;1;0;2;2187;0;206;1;1
313;2021;15;9999;10;2;1;4;-5;1;1;0;0;56;0;23;19;7;20;11;5;3;9836;1461;319;0;0
313;2022;15;9999;6;4;1;0;-1;2;0;0;0;63;0;19;5;0;11;5;1;1;5484;765;0;0;0
321;2023;1;9999;7;3;2;4;1;2;0;0;0;66;1;20;95;47;11;1;0;2;5736;888;285;0;0
321;2022;1;9999;11;0;1;0;-9;0;0;0;0;58;0;21;145;77;8;4;1;3;10369;605;189;0;0
325;2021;14;9999;4;0;0;0;-2;0;0;0;0;52;0;4;7;4;0;2;1;3;2078;0;237;0;0
326;2023;6;9999;6;1;0;0;2;0;0;0;0;54;0;3;5;2;1;0;2;1;2980;0;92;0;0
326;2022;6;9999;11;3;1;4;4;0;0;0;0;55;0;13;4;2;8;2;3;5;9027;0;0;0;0
328;2019;9;9999;4;0;0;0;-1;0;0;0;0;52;0;0;28;16;3;1;0;1;2542;0;0;0;0
328;2021;5;9999;6;0;0;2;-4;0;0;0;0;50;0;3;25;15;1;1;1;2;1783;0;166;0;0
337;2023;14;9999;5;0;1;2;-2;0;0;0;0;68;0;11;0;0;1;1;4;10;5853;46;494;0;0
337;2021;14;9999;4;1;0;0;-7;0;0;0;0;58;0;4;0;0;4;0;2;5;4240;99;43;0;0
337;2022;14;9999;5;0;4;0;4;0;0;0;1;66;0;6;1;0;6;2;2;12;5966;288;262;0;0
341;2023;0;9999;15;1;3;0;2;0;0;0;0;56;0;12;87;32;15;2;6;10;8364;356;481;0;0
341;2019;0;9999;7;1;1;0;-1;0;0;0;0;54;1;9;4;1;9;1;2;7;7146;18;482;0;0
341;2020;0;9999;7;1;2;0;0;1;1;0;0;64;0;12;2;0;9;10;3;8;8078;619;407;0;0
341;2021;0;9999;7;1;2;0;-2;1;0;0;0;57;0;21;0;0;16;3;2;7;8573;694;78;0;0
341;2022;0;9999;16;3;8;4;-2;3;3;0;0;59;0;37;0;0;20;4;8;17;17628;2536;485;0;0
347;2021;3;9999;8;0;1;0;1;0;0;0;0;51;0;6;0;0;2;3;0;1;4048;0;0;0;0
361;2019;6;9999;4;1;0;0;-2;0;0;0;0;51;0;3;1;0;1;1;0;6;3030;0;35;0;0
361;2020;6;9999;5;0;1;0;-2;0;0;0;0;53;0;1;2;0;0;0;3;5;1958;0;0;0;0
361;2021;14;9999;4;0;1;0;1;0;0;0;0;55;0;4;2;0;5;1;1;11;3486;0;102;0;0
362;2023;0;9999;15;0;3;0;5;0;0;0;0;53;0;24;3;2;22;9;8;10;17590;97;413;0;0
370;2023;0;9999;15;4;4;2;6;0;0;1;0;65;0;38;2;0;22;9;9;29;18623;0;708;0;0
370;2019;0;9999;7;1;3;0;1;0;0;0;0;64;0;11;4;0;2;2;3;9;7818;369;670;0;0
370;2020;0;9999;7;1;1;0;-5;0;0;0;0;60;0;8;0;0;15;4;0;8;8189;619;369;0;0
370;2021;0;9999;7;2;1;0;-1;0;0;0;0;58;0;16;0;0;11;10;2;6;8101;1148;186;0;0
370;2022;0;9999;16;1;1;2;-6;0;0;0;0;72;1;30;7;3;21;17;6;21;17552;0;407;0;0
372;2021;5;9999;6;0;2;4;-2;0;0;0;0;51;0;5;0;0;2;7;0;2;4545;0;144;0;0
373;2023;15;9999;13;3;3;2;6;0;0;0;0;60;2;19;0;0;9;10;2;17;12921;459;72;0;0
374;2023;4;9999;11;0;6;6;-1;0;2;0;0;65;0;32;0;0;13;10;2;5;14724;859;335;0;0
374;2021;4;9999;17;1;6;4;12;0;0;0;0;58;0;34;0;0;10;7;6;2;16415;0;285;0;0
374;2022;4;9999;17;3;7;2;6;0;0;0;0;66;1;34;0;0;14;15;13;5;21196;456;980;0;0
381;2023;9;9999;5;0;0;2;-10;0;0;0;0;58;0;14;0;0;6;10;2;6;4255;963;0;0;0
381;2019;9;9999;4;2;3;4;-3;1;1;0;0;60;0;10;5;2;5;0;0;1;4118;275;0;0;0
381;2020;9;9999;20;7;3;4;3;0;1;0;0;58;2;56;28;8;10;14;2;5;23411;1724;0;0;0
381;2021;9;9999;11;6;3;0;5;0;1;0;0;59;2;23;11;5;4;7;4;6;10653;1218;0;0;0
381;2022;9;9999;12;5;5;0;-2;3;2;0;0;65;0;29;0;0;5;5;4;11;12272;1260;0;0;0
383;2023;2;9999;5;0;0;0;-5;0;0;0;0;56;0;2;39;19;4;0;0;3;2790;0;358;0;0
383;2021;2;9999;24;0;2;2;-1;0;0;0;0;55;0;13;154;103;7;5;2;18;11611;11;669;0;0
383;2022;2;9999;12;2;1;0;1;0;0;0;0;59;1;13;80;53;2;0;2;9;6401;0;514;0;0
386;2019;0;9999;7;0;0;0;2;0;0;0;0;53;0;5;42;17;2;1;3;4;3726;0;7;0;0
386;2020;0;9999;7;0;2;0;-5;0;0;0;0;50;0;2;43;16;3;4;0;5;4303;0;47;0;0
388;2019;6;9999;4;0;0;0;-2;0;0;0;0;60;0;4;43;24;4;0;1;3;3379;0;162;0;0
388;2020;6;9999;5;1;1;0;-1;0;0;0;0;62;0;11;62;38;5;3;1;4;4591;0;540;0;0
388;2021;6;9999;6;0;2;0;2;0;0;0;0;60;0;11;95;48;3;3;5;2;7567;0;409;0;0
388;2022;6;9999;11;1;4;0;3;0;0;0;0;61;0;23;149;85;4;8;3;6;9944;7;1092;0;0
391;2023;9;9999;5;1;1;0;2;0;0;0;0;54;0;11;2;1;7;3;2;1;4852;217;142;0;0
392;2023;5;9999;20;2;4;0;5;0;1;0;0;64;0;32;57;23;5;9;12;12;18050;924;2346;0;0
392;2021;5;9999;6;0;2;0;-1;0;0;0;0;57;0;13;4;3;4;5;1;9;5888;0;0;0;0
392;2022;5;9999;7;0;1;0;-1;0;0;0;0;59;0;9;0;0;2;0;5;5;5125;324;0;0;0
394;2023;5;9999;20;9;7;39;4;0;0;0;0;61;2;26;236;104;102;18;6;20;17268;87;18;5;4
394;2019;4;9999;7;0;0;0;-1;0;0;0;0;50;0;3;8;2;9;2;0;2;3049;0;58;0;0
394;2020;4;9999;14;2;1;10;1;0;0;0;0;55;0;11;40;11;19;5;6;13;7772;0;1105;2;0
394;2021;4;9999;17;1;0;17;0;0;0;0;0;54;0;16;17;10;12;11;1;12;7586;0;780;3;2
394;2022;4;9999;17;1;7;15;8;0;0;0;0;56;0;22;41;18;34;5;4;23;15456;0;986;3;3
395;2019;6;9999;4;0;0;0;-3;0;0;0;0;50;0;0;1;0;4;0;0;2;2382;0;41;0;0
403;2019;6;9999;4;0;1;0;-2;0;0;0;0;62;0;2;3;0;4;0;1;2;4880;0;220;0;0
407;2023;9;9999;5;0;3;0;-1;0;0;0;0;57;0;5;0;0;11;4;4;2;6042;157;108;0;0
413;2023;9;9999;5;0;0;2;-9;0;0;0;0;57;0;7;8;4;8;2;2;10;4347;0;210;0;0
413;2019;9;9999;4;1;0;0;-3;0;0;0;0;52;0;5;0;0;2;2;1;1;3618;135;30;0;0
413;2020;9;9999;20;6;4;2;6;0;0;0;0;54;1;29;30;11;6;9;1;8;11671;0;825;0;0
413;2021;9;9999;11;7;0;0;5;0;0;0;0;54;1;16;14;9;2;3;2;7;7130;0;242;0;0
413;2022;9;9999;12;1;3;0;4;0;0;0;0;57;0;12;17;10;7;6;2;11;8583;71;384;0;0
416;2023;9;9999;5;0;0;0;-9;0;0;0;0;50;0;5;64;30;3;2;0;3;4369;0;238;0;0
416;2019;9;9999;4;2;0;0;0;0;0;0;0;56;0;4;47;25;6;0;0;1;3132;0;138;0;0
416;2020;9;9999;20;2;10;0;2;0;0;0;0;58;1;17;212;123;11;7;4;9;14779;0;862;0;0
416;2021;9;9999;11;0;1;6;-1;0;0;0;1;58;0;10;128;53;4;5;1;7;8374;0;986;0;0
416;2022;9;9999;12;4;3;0;1;0;0;0;0;59;0;18;88;45;3;5;5;7;6356;71;656;0;0
417;2023;9;9999;5;3;4;0;3;1;1;0;0;76;1;15;93;44;6;0;4;11;5181;903;84;0;0
417;2021;9;9999;11;2;6;0;0;0;0;0;0;58;0;9;81;36;5;4;3;5;6394;0;407;0;0
417;2022;9;9999;12;2;5;2;-2;0;1;0;0;61;2;19;221;94;12;5;0;15;12615;508;343;0;0
421;2023;14;9999;5;1;0;0;-2;0;0;0;0;51;0;7;0;0;2;6;1;0;3335;0;14;0;0
421;2022;14;9999;5;0;0;0;-2;0;0;0;0;50;0;1;1;1;3;1;0;2;1625;0;121;0;0
424;2019;8;9999;14;1;2;0;3;0;0;0;0;53;1;10;1;0;3;1;5;10;7184;50;312;0;0
424;2020;8;9999;7;2;2;0;-5;2;1;0;0;52;0;7;5;2;4;2;1;5;5357;799;0;0;0
426;2019;5;9999;12;1;3;2;-7;0;0;0;0;53;0;19;8;3;8;4;5;5;9772;0;0;0;0
428;2019;4;9999;5;0;0;0;-1;0;0;0;0;52;0;2;0;0;0;1;0;2;2449;0;103;0;0
434;2023;9;9999;5;0;0;2;-3;0;0;0;0;52;0;1;0;0;2;1;0;4;2050;0;0;0;0
437;2019;5;9999;12;0;3;2;-2;0;0;0;0;59;0;12;0;0;7;7;1;3;10694;161;772;0;0
442;2019;6;9999;4;0;0;0;-3;0;0;0;0;50;0;3;0;0;1;3;0;1;3527;113;87;0;0
442;2020;6;9999;5;0;1;2;-2;0;0;0;0;49;0;11;1;0;1;1;1;1;3955;327;113;0;0
443;2019;0;9999;7;1;1;2;-3;0;0;0;0;63;0;20;7;1;2;4;1;4;7149;339;105;0;0
443;2020;0;9999;7;2;0;0;-5;0;0;0;0;51;0;4;9;2;7;0;1;5;4466;0;54;0;0
443;2022;1;9999;11;1;2;2;2;0;0;0;0;53;1;5;41;16;6;1;0;4;3237;76;274;0;0
444;2023;15;9999;13;0;1;0;-3;0;0;0;0;53;0;8;71;38;3;2;4;2;6116;0;106;0;0
447;2023;0;9999;15;7;1;0;4;0;0;0;0;58;3;28;17;5;7;11;4;14;12908;0;82;0;0
447;2019;0;9999;7;2;2;0;2;0;0;0;0;57;0;4;1;0;1;0;1;2;3723;0;0;0;0
447;2020;0;9999;7;1;5;0;0;1;2;0;0;63;1;18;21;7;4;5;2;9;7733;597;583;0;0
447;2021;0;9999;7;2;3;0;-1;0;1;0;0;62;0;25;1;0;5;1;0;8;7192;1105;190;0;0
447;2022;0;9999;16;2;10;4;-7;1;8;0;0;60;0;29;17;6;17;8;5;22;14611;2636;523;0;0
449;2023;0;9999;15;1;2;0;0;0;0;0;0;53;0;9;11;2;9;3;1;2;8320;0;165;0;0
454;2023;8;9999;11;1;2;0;-5;0;0;0;0;56;0;19;116;54;0;7;1;3;8762;291;193;0;0
454;2019;8;9999;14;4;3;2;3;0;0;0;0;55;1;15;90;51;1;6;2;1;7031;50;716;0;0
454;2020;8;9999;7;1;2;2;-2;0;0;0;0;55;0;10;94;38;0;2;3;4;7422;253;0;0;0
454;2021;8;9999;4;1;0;0;-1;1;0;0;0;60;0;9;87;51;3;2;1;0;4076;1075;0;0;0
454;2022;8;9999;7;1;4;0;3;0;0;0;0;61;0;13;102;41;5;0;2;2;7353;612;27;0;0
456;2019;0;9999;7;0;1;0;2;0;0;0;0;54;0;6;8;6;2;0;0;0;3720;0;154;0;0
459;2023;15;9999;13;0;1;4;-4;0;0;0;0;50;0;8;1;0;3;5;2;2;6055;0;0;0;0
462;2023;2;9999;5;0;0;7;-4;0;0;0;0;53;0;11;3;0;6;9;3;5;6317;127;343;1;0
462;2021;2;9999;24;3;6;16;-1;0;0;1;0;55;1;35;8;2;28;13;5;16;23171;0;2603;2;2
462;2022;2;9999;12;1;2;0;-2;0;0;0;0;59;0;20;4;2;13;6;11;13;15382;0;504;0;0
463;2023;5;9999;20;6;8;0;10;2;0;1;0;61;2;58;3;1;6;24;3;7;22902;862;844;0;0
463;2020;5;9999;16;2;2;17;3;0;0;0;0;55;0;11;1;0;14;12;1;15;12612;0;1132;3;0
463;2021;0;9999;7;1;0;0;-5;0;0;0;0;47;0;7;0;0;4;2;2;3;3981;0;21;0;0
463;2022;5;9999;7;1;3;14;2;0;0;0;0;64;0;26;0;0;9;6;3;5;8132;980;231;0;0
465;2023;1;9999;7;3;0;0;-3;0;0;0;0;62;0;22;0;0;11;4;4;0;7631;531;691;0;0
465;2022;1;9999;11;1;4;0;-5;0;0;0;0;59;0;9;1;1;14;11;1;8;9441;632;458;0;0
466;2023;8;9999;11;1;5;2;-1;0;0;0;0;62;0;25;145;94;3;2;5;13;9975;0;948;0;0
466;2022;8;9999;7;3;1;2;1;0;0;0;0;65;0;13;56;26;14;0;5;6;5345;0;447;0;0
469;2023;0;9999;15;8;5;4;5;3;2;0;0;62;2;42;8;6;28;6;2;19;14942;1906;298;0;0
469;2020;0;9999;7;0;0;0;-2;0;0;0;0;53;0;7;6;5;4;1;1;5;4362;0;0;0;0
469;2021;0;9999;7;1;4;0;1;0;0;0;0;58;0;21;8;3;10;0;0;7;6889;0;172;0;0
469;2022;0;9999;16;3;1;2;3;0;0;0;0;59;2;49;25;17;30;5;6;10;14523;72;305;0;0
470;2023;8;9999;11;0;1;6;-4;0;0;0;0;55;0;7;14;11;22;6;4;15;8427;0;31;0;0
470;2022;8;9999;7;1;1;0;1;0;0;0;0;55;0;14;12;6;18;4;2;10;5345;0;509;0;0
471;2020;8;9999;7;2;2;2;-2;1;0;0;0;52;0;7;6;1;5;6;1;2;4288;714;0;0;0
471;2021;8;9999;4;0;0;0;-3;0;0;0;0;55;0;4;3;1;6;0;0;8;2247;1075;0;0;0
473;2023;5;9999;20;3;1;4;2;0;0;0;0;54;1;25;2;0;6;4;3;7;9833;0;102;0;0
473;2021;14;9999;2;0;0;0;0;0;0;0;0;55;0;2;0;0;0;0;0;0;688;0;57;0;0
474;2023;1;9999;7;1;2;0;-4;0;0;0;0;56;0;14;10;6;1;6;1;3;5579;31;42;0;0
474;2022;1;9999;11;3;3;2;-5;0;0;0;0;54;0;11;0;0;5;3;3;9;10817;0;0;0;0
475;2023;14;9999;5;0;1;0;-3;0;0;0;0;56;0;7;9;1;3;1;0;3;3742;0;458;0;0
475;2020;0;9999;7;1;0;0;-2;0;0;0;0;53;0;6;3;2;2;6;0;5;4621;0;41;0;0
475;2021;15;9999;10;2;2;0;-5;1;2;0;0;63;1;22;6;2;5;7;7;9;9779;1461;312;0;0
475;2022;14;9999;5;1;0;2;1;0;0;0;0;54;0;6;0;0;1;5;2;4;4033;0;0;0;0
476;2023;1;9999;7;0;2;2;-1;0;0;0;0;61;0;7;9;1;9;1;2;4;6011;943;5;0;0
476;2022;1;9999;11;1;1;2;-10;0;0;0;0;57;0;14;0;0;12;3;3;9;10450;605;680;0;0
477;2023;8;9999;11;1;4;0;1;0;0;0;0;75;1;29;1;0;4;5;5;16;12248;1484;1344;0;0
477;2020;8;9999;7;1;5;0;-4;0;1;0;0;67;0;12;0;0;4;2;2;12;7708;707;547;0;0
477;2021;8;9999;4;1;1;0;-3;0;0;0;0;69;0;10;0;0;7;0;1;9;4978;0;77;0;0
477;2022;8;9999;7;2;2;6;2;0;0;0;0;76;1;18;1;1;2;2;4;12;8151;651;460;0;0
480;2023;8;9999;11;5;2;0;6;1;1;0;0;68;1;26;34;13;6;5;3;6;9522;1415;1372;0;0
480;2020;0;9999;7;1;0;0;-6;0;0;0;0;48;0;9;0;0;1;3;0;0;4211;0;0;0;0
480;2021;8;9999;4;0;1;4;-4;0;0;0;0;54;0;2;5;2;9;1;0;1;2460;386;173;0;0
480;2022;8;9999;7;2;0;4;-5;0;0;0;0;58;0;18;21;5;9;6;3;7;6734;215;651;0;0
482;2023;7;9999;4;0;3;0;0;0;0;0;0;61;0;7;4;2;0;3;1;3;4053;346;179;0;0
482;2022;7;9999;5;0;1;0;0;0;0;0;0;56;0;2;9;5;1;3;1;8;5036;0;0;0;0
484;2023;3;9999;14;1;5;4;4;0;0;0;0;57;1;15;176;92;14;5;6;5;13560;669;0;0;0
484;2021;3;9999;8;1;1;0;1;0;0;0;0;59;0;5;60;37;9;0;2;4;4325;0;240;0;0
484;2022;3;9999;17;5;3;0;3;0;0;0;0;57;1;21;118;65;4;3;3;3;10328;0;44;0;0
486;2023;14;9999;5;0;1;0;-3;0;0;0;0;68;0;8;0;0;3;3;1;7;5713;0;425;0;0
486;2021;14;9999;4;0;0;0;0;0;0;0;0;74;0;6;0;0;5;2;4;11;4667;268;106;0;0
486;2022;14;9999;5;1;2;0;-2;0;0;0;1;66;0;7;1;1;0;5;2;11;5717;127;183;0;0
490;2020;8;9999;7;1;1;5;-1;0;0;0;0;56;0;8;54;27;12;2;1;11;4306;0;68;1;0
490;2021;8;9999;4;0;3;0;-1;0;1;0;0;62;0;4;40;18;4;0;1;1;2993;388;0;0;0
490;2022;5;9999;7;1;4;0;2;0;0;0;0;59;0;10;112;59;10;1;4;9;6913;0;188;0;0
493;2023;14;9999;5;3;1;2;1;0;1;0;0;59;0;11;0;0;7;8;2;10;5437;387;417;0;0
493;2021;14;9999;4;1;1;4;-5;0;0;0;0;51;0;5;0;0;10;1;0;11;4222;0;0;0;0
493;2022;14;9999;5;1;0;2;-3;0;0;1;0;54;0;9;0;0;2;3;2;8;5467;0;261;0;0
497;2023;14;9999;5;0;1;4;-4;0;0;0;0;51;0;12;77;33;6;5;2;0;5146;384;410;0;0
497;2021;14;9999;4;0;1;2;1;0;0;0;0;53;0;3;12;4;3;0;0;3;3518;0;174;0;0
497;2022;14;9999;5;1;2;4;-4;0;1;0;0;57;0;8;92;61;29;4;1;2;5752;277;460;0;0
499;2023;6;9999;6;3;0;2;3;0;0;0;0;68;0;13;0;0;5;2;3;9;6734;977;187;0;0
499;2021;6;9999;6;1;1;0;-3;0;0;0;0;59;0;13;0;0;6;1;2;1;7844;334;0;0;0
499;2022;6;9999;11;0;2;16;2;0;0;0;0;58;0;22;3;1;7;11;4;5;11863;306;269;0;0
500;2023;8;9999;11;1;4;8;5;0;0;0;0;60;0;18;15;4;7;7;1;10;9767;543;4;0;0
500;2020;8;9999;7;2;3;2;-4;0;0;0;0;58;1;7;6;1;3;0;1;5;5174;47;363;0;0
500;2021;8;9999;4;1;1;2;-2;1;0;0;0;63;0;6;1;0;5;1;5;2;3831;388;34;0;0
500;2022;8;9999;7;5;1;12;4;1;0;0;0;66;2;18;10;1;4;2;3;7;7191;530;51;0;0
501;2023;5;9999;20;4;11;6;3;0;4;0;0;68;1;38;342;195;18;5;15;20;19117;2694;711;0;0
501;2020;5;9999;16;0;3;2;0;0;0;0;0;53;0;7;81;45;4;3;0;8;6597;0;85;0;0
501;2021;5;9999;6;1;4;4;2;1;0;0;1;70;0;12;132;72;4;6;2;12;6677;612;664;0;0
501;2022;5;9999;7;2;4;0;7;0;1;0;0;71;0;18;134;75;11;4;3;5;7634;900;710;0;0
503;2022;4;9999;17;1;2;2;-3;0;0;0;0;52;0;13;12;4;19;6;3;5;7002;0;217;0;0
504;2023;14;9999;5;0;0;2;-2;0;0;0;0;53;0;1;38;24;1;3;0;0;3482;0;0;0;0
505;2023;5;9999;20;3;5;15;-2;0;0;0;1;58;1;20;165;79;20;5;8;24;11283;9;2093;1;0
505;2020;7;9999;7;0;1;0;-1;0;0;0;0;51;0;2;6;2;1;0;0;7;3122;0;100;0;0
505;2021;7;9999;4;0;1;0;-5;0;0;0;0;56;0;4;17;10;6;0;1;7;3674;226;124;0;0
505;2022;7;9999;5;0;2;2;1;0;0;0;0;67;0;8;90;56;5;6;6;10;5605;273;432;0;0
506;2023;6;9999;6;2;3;0;5;0;0;0;0;63;1;13;2;0;4;2;0;7;6879;65;750;0;0
506;2022;6;9999;11;2;1;2;0;0;0;1;0;61;1;19;1;1;11;8;7;9;12583;0;967;0;0
507;2023;4;9999;11;4;4;2;-3;2;1;0;0;65;1;23;188;89;14;2;6;11;12031;770;216;0;0
507;2020;4;9999;14;0;2;2;1;0;0;0;0;54;0;12;128;66;6;4;4;2;7619;0;0;0;0
507;2021;4;9999;17;1;1;2;0;0;0;1;0;59;0;17;92;50;6;4;2;3;7621;85;1911;0;0
507;2022;4;9999;17;3;5;0;5;0;0;0;0;68;1;31;223;124;23;10;8;26;16137;574;1684;0;0
508;2023;0;9999;15;3;5;2;0;1;4;0;0;57;1;17;0;0;12;12;8;15;14503;2073;52;0;0
511;2023;7;9999;4;1;0;0;-2;0;0;0;0;62;0;6;1;1;3;3;3;7;5091;128;618;0;0
511;2022;7;9999;5;0;0;0;-3;0;0;0;0;57;0;3;0;0;5;1;2;1;4547;143;291;0;0
512;2023;2;9999;5;0;1;0;-1;0;0;0;0;65;0;11;2;0;4;8;5;2;6395;603;241;0;0
512;2021;2;9999;24;5;7;9;12;0;0;0;0;62;0;56;0;0;19;9;5;3;26958;907;91;0;0
512;2022;2;9999;12;3;5;0;0;1;1;0;0;66;0;51;0;0;5;2;2;7;15213;1490;52;0;0
513;2023;14;9999;5;0;1;2;-1;0;0;0;0;54;0;4;6;3;4;3;1;0;3712;0;10;0;0
513;2020;5;9999;16;4;7;4;0;0;0;0;0;56;1;26;0;0;10;5;2;6;15403;0;0;0;0
513;2022;1;9999;11;2;1;0;2;0;0;0;0;54;1;12;9;5;4;0;2;1;3510;0;246;0;0
514;2022;2;9999;12;1;0;0;-1;0;0;0;0;50;0;15;0;0;6;9;2;12;10450;0;878;0;0
515;2022;1;9999;11;1;2;2;2;0;0;0;0;52;0;7;0;0;7;0;0;2;3126;0;0;0;0
518;2023;3;9999;14;0;5;13;5;0;0;0;0;68;0;17;0;0;21;10;4;2;15099;0;370;1;0
518;2022;8;9999;7;0;1;4;-2;0;0;0;0;64;0;3;2;0;27;6;2;2;7921;0;661;0;0
520;2023;1;9999;7;3;3;0;0;1;0;0;0;59;1;12;1;1;2;3;5;6;5990;504;783;0;0
520;2022;1;9999;11;3;2;0;-9;0;0;1;0;55;0;20;14;4;3;4;3;13;10364;605;189;0;0
522;2023;1;9999;7;0;1;21;-3;0;0;0;0;63;0;11;0;0;15;2;1;10;7375;321;637;3;0
522;2020;1;9999;12;0;4;17;-1;0;0;0;0;60;0;18;0;0;17;9;6;11;15494;0;816;3;2
522;2021;1;9999;17;0;7;24;-1;0;2;0;0;68;0;40;0;0;35;2;7;26;21662;2440;1197;4;0
522;2022;1;9999;11;1;2;8;-13;1;1;0;0;69;0;27;1;1;56;9;11;24;14012;1936;1115;0;0
525;2023;14;9999;5;0;1;2;1;0;0;0;0;54;0;5;3;1;5;0;0;4;4520;49;42;0;0
525;2020;7;9999;7;1;0;2;-2;0;0;0;0;49;1;5;0;0;1;2;0;3;2985;0;45;0;0
525;2021;14;9999;4;0;1;0;-4;0;0;0;0;61;0;10;65;33;0;1;3;3;4203;122;43;0;0
525;2022;14;9999;5;2;2;4;2;0;0;0;0;56;0;8;10;6;3;3;1;8;5324;93;130;0;0
526;2023;2;9999;5;0;1;0;-1;0;0;0;0;58;0;6;7;2;3;6;2;2;5030;566;226;0;0
526;2021;2;9999;24;11;3;4;8;0;0;0;0;60;1;33;29;17;27;10;6;9;22056;0;2406;0;0
526;2022;2;9999;12;3;5;2;1;0;0;0;0;58;1;24;7;5;3;2;5;7;11795;0;454;0;0
528;2022;9;9999;12;2;2;2;4;0;0;0;0;58;0;13;0;0;28;6;8;12;12601;62;339;0;0
529;2022;7;9999;5;0;1;0;-1;0;0;0;0;51;0;3;4;3;1;0;1;4;3036;0;129;0;0
530;2023;0;9999;15;10;7;0;4;5;3;0;0;62;1;47;24;4;13;10;5;15;14778;1906;398;0;0
530;2020;0;9999;7;1;3;2;1;0;0;0;0;58;0;11;0;0;5;2;5;5;8097;183;0;0;0
530;2021;0;9999;7;2;3;0;1;0;1;0;0;60;0;13;1;0;4;2;2;1;6792;740;135;0;0
530;2022;0;9999;16;5;5;0;1;4;3;0;0;63;1;42;4;0;14;6;6;10;13886;2636;287;0;0
531;2023;1;9999;1;0;1;0;2;0;0;0;0;59;0;0;0;0;0;0;0;1;739;128;0;0;0
531;2020;1;9999;12;0;3;0;-5;0;0;0;0;53;0;20;0;0;6;10;1;11;10699;0;0;0;0
531;2021;1;9999;17;4;4;4;2;2;0;0;0;62;1;25;0;0;5;10;1;12;17354;1050;0;0;0
531;2022;1;9999;11;4;4;0;-3;0;2;0;0;65;1;29;15;4;0;4;2;12;10882;1965;0;0;0
532;2023;1;9999;7;3;2;4;-1;0;1;0;0;64;0;16;115;60;6;1;0;15;6390;919;261;0;0
532;2022;1;9999;11;2;5;2;-4;0;0;0;0;54;1;14;152;78;6;2;0;15;10915;25;0;0;0
533;2021;14;9999;4;3;1;0;1;0;0;0;0;52;0;4;43;23;5;3;1;1;3486;0;100;0;0
535;2023;5;9999;20;3;12;0;5;1;2;0;0;61;0;41;5;1;8;6;8;20;19205;919;43;0;0
535;2020;5;9999;16;4;4;2;4;1;2;0;0;65;1;32;27;11;11;8;6;8;13916;2122;31;0;0
535;2021;5;9999;6;1;2;2;1;0;1;0;0;65;1;16;0;0;8;4;3;3;6530;612;0;0;0
535;2022;5;9999;7;3;3;2;8;0;0;0;0;65;0;27;2;2;3;5;3;5;7631;324;147;0;0
536;2020;0;9999;7;2;1;2;-2;0;0;0;0;53;0;10;0;0;0;0;4;4;8029;0;98;0;0
537;2022;0;9999;16;0;1;2;-4;0;0;0;0;52;0;12;9;1;7;2;0;1;9987;0;0;0;0
538;2021;7;9999;4;0;0;0;0;0;0;0;0;53;0;6;2;0;4;4;0;5;3164;0;248;0;0
538;2022;7;9999;5;0;0;0;-3;0;0;0;0;56;0;5;0;0;15;4;2;14;5750;143;176;0;0
539;2023;2;9999;5;0;0;2;-4;0;0;0;0;61;0;11;0;0;2;5;2;11;6295;603;61;0;0
539;2022;2;9999;12;1;4;0;-2;0;0;0;0;56;0;26;0;0;4;3;2;4;10935;320;134;0;0
541;2021;5;9999;6;0;0;0;-4;0;0;0;0;49;0;2;0;0;0;1;0;0;1789;0;97;0;0
542;2023;6;9999;6;1;1;0;-2;0;0;0;0;51;0;14;8;5;4;6;0;7;5540;904;0;0;0
542;2022;6;9999;11;3;1;0;-2;0;0;0;0;53;0;12;100;54;7;0;1;3;7390;325;65;0;0
543;2023;7;9999;4;0;1;2;2;0;0;0;0;67;0;10;0;0;4;5;3;7;5228;357;193;0;0
543;2021;7;9999;4;0;1;0;-2;0;0;0;0;55;0;6;0;0;5;5;4;4;4961;0;483;0;0
543;2022;7;9999;5;0;1;2;0;0;0;0;0;70;0;7;0;0;6;2;4;5;6291;329;506;0;0
544;2023;6;9999;6;1;0;0;-2;1;0;0;0;59;0;8;65;38;7;4;1;2;5018;389;256;0;0
544;2022;15;9999;6;1;0;0;-3;0;0;0;0;49;0;1;38;13;1;1;1;1;2854;0;80;0;0
545;2023;3;9999;14;1;8;7;7;0;1;0;0;62;0;29;1;0;36;8;9;35;15026;547;1361;1;1
545;2021;3;9999;8;1;0;7;-2;0;0;0;0;57;0;12;1;1;17;2;2;9;6820;0;473;1;0
545;2022;3;9999;17;0;5;19;6;0;0;0;0;58;0;23;1;0;39;7;1;23;16886;0;924;3;0
546;2023;8;9999;11;2;6;12;7;0;2;0;0;61;0;31;166;90;7;10;0;16;9422;1415;1327;0;0
546;2021;8;9999;4;0;0;0;-4;0;0;0;0;57;0;5;33;16;2;6;2;3;2468;0;250;0;0
546;2022;8;9999;7;1;1;0;-4;0;0;0;0;66;0;8;88;47;7;1;2;13;6968;215;92;0;0
547;2021;5;9999;6;1;2;2;-3;0;0;0;0;51;0;8;0;0;11;3;4;2;7417;0;493;0;0
547;2022;5;9999;7;0;0;2;-2;0;0;0;0;53;0;5;5;1;9;1;2;2;3317;0;354;0;0
548;2023;5;9999;20;10;7;10;5;0;2;0;0;64;1;67;28;10;7;14;2;14;18919;2690;0;0;0
548;2021;5;9999;6;1;2;0;-1;0;0;0;0;54;0;19;0;0;5;6;2;3;5997;245;0;0;0
548;2022;5;9999;7;1;8;2;8;0;0;0;0;65;0;18;6;1;9;2;1;0;7689;0;0;0;0
550;2023;4;9999;11;0;1;0;-1;0;0;0;0;53;0;9;4;0;7;3;0;4;4457;0;73;0;0
550;2022;4;9999;17;2;5;0;3;0;0;0;0;53;0;19;2;2;12;6;4;8;14274;0;313;0;0
551;2023;1;9999;7;1;4;0;-1;0;0;0;0;57;0;6;1;1;8;4;5;13;5867;0;441;0;0
551;2022;7;9999;5;0;1;0;-3;0;0;0;0;51;0;0;21;8;2;0;1;7;2481;0;0;0;0
552;2023;1;9999;7;0;1;0;0;0;0;0;0;53;0;1;0;0;6;1;2;2;3767;31;57;0;0
552;2022;8;9999;7;0;1;0;1;0;0;0;0;54;0;8;0;0;11;3;1;2;5463;82;40;0;0
554;2023;1;9999;7;0;1;6;-4;0;0;0;0;59;0;18;11;6;13;9;1;3;5961;1352;0;0;0
554;2021;1;9999;17;2;0;12;-1;0;0;0;0;54;0;9;7;1;6;1;2;2;6294;89;458;0;0
554;2022;1;9999;11;2;3;10;-3;0;2;0;0;63;0;27;198;87;31;10;4;8;10387;1990;504;0;0
555;2023;0;9999;15;4;1;2;3;0;0;0;0;59;2;30;44;22;30;7;9;4;14671;620;348;0;0
555;2021;0;9999;7;3;1;0;-3;0;0;0;0;62;1;17;85;23;7;1;3;3;5942;694;172;0;0
555;2022;0;9999;16;4;3;12;-5;1;0;0;0;61;0;43;193;66;21;4;12;5;14679;450;0;0;0
557;2023;5;9999;20;2;4;4;8;0;0;0;0;64;0;25;252;137;3;7;13;18;18022;841;1240;0;0
557;2022;5;9999;7;1;1;2;-1;0;0;0;0;61;0;9;65;39;8;1;4;3;5187;0;400;0;0
559;2023;6;9999;6;1;6;0;-3;1;1;0;0;63;0;13;20;5;9;9;4;12;5691;300;749;0;0
559;2021;6;9999;6;1;1;2;-1;1;0;0;0;54;0;7;1;0;6;3;0;2;2898;333;199;0;0
559;2022;6;9999;11;4;3;0;3;0;0;0;0;58;0;20;0;0;12;4;3;12;9314;325;0;0;0
561;2021;8;9999;4;0;0;0;-3;0;0;0;0;48;0;3;0;0;0;1;0;0;4866;0;249;0;0
561;2022;8;9999;7;0;1;2;-1;0;0;0;0;52;0;11;0;0;9;5;2;10;7935;176;236;0;0
562;2022;8;9999;7;0;1;0;-3;0;0;0;0;51;0;0;0;0;5;0;2;10;4324;0;66;0;0
563;2023;15;9999;13;4;6;4;3;0;3;0;0;61;0;41;2;1;9;10;5;16;16304;1137;53;0;0
563;2021;15;9999;10;0;1;2;-3;0;0;0;0;63;0;20;0;0;6;1;5;12;10512;1706;161;0;0
563;2022;15;9999;6;0;3;2;-2;0;0;0;0;66;0;16;0;0;3;5;3;2;6530;787;96;0;0
565;2023;9;9999;5;0;3;0;-1;0;1;0;0;62;0;9;0;0;12;5;6;8;5878;963;67;0;0
565;2022;9;9999;12;0;3;2;-1;0;0;0;0;51;0;10;0;0;11;6;2;9;12828;0;548;0;0
566;2023;0;9999;15;2;6;4;4;0;0;0;0;63;1;23;4;0;22;8;8;15;13140;620;351;0;0
566;2021;0;9999;7;0;3;0;-3;0;0;0;0;59;0;14;0;0;3;0;0;2;5660;0;0;0;0
566;2022;0;9999;16;3;6;0;-5;0;1;0;0;65;0;39;20;8;8;7;2;16;14702;450;420;0;0
567;2023;3;9999;14;8;3;2;2;3;2;0;0;63;2;44;2;0;25;7;4;16;14469;1924;1356;0;0
567;2021;3;9999;8;0;1;2;1;0;0;0;0;53;0;10;9;3;5;2;2;4;4185;0;81;0;0
567;2022;3;9999;17;4;7;2;3;1;1;0;0;58;1;27;26;11;12;5;6;10;11974;805;864;0;0
568;2023;3;9999;14;7;4;0;4;0;0;0;0;61;2;28;0;0;9;12;3;9;13415;669;0;0;0
568;2022;8;9999;7;1;1;0;-3;0;0;0;0;53;0;5;7;2;4;2;1;2;4318;0;6;0;0
569;2023;1;9999;7;1;1;4;-4;0;0;0;0;59;0;10;101;47;9;2;2;3;6112;919;416;0;0
569;2021;1;9999;17;0;0;6;-1;0;0;0;0;52;0;8;26;13;11;3;2;7;6025;76;866;0;0
569;2022;1;9999;11;2;4;0;-4;1;1;0;1;59;0;21;29;18;12;13;1;5;10571;1909;1317;0;0
570;2023;14;9999;5;0;1;0;2;0;0;0;0;61;0;8;56;28;7;2;3;2;4239;49;282;0;0
570;2021;6;9999;6;0;3;2;0;0;0;0;0;56;0;9;12;9;1;4;0;2;7212;0;0;0;0
570;2022;14;9999;5;1;0;0;1;0;0;0;0;59;0;4;89;55;1;3;1;2;5377;138;0;0;0
571;2021;15;9999;10;2;1;0;-2;0;0;0;0;54;0;19;0;0;6;4;4;18;8106;0;0;0;0
571;2022;15;9999;6;0;0;0;-2;0;0;0;0;53;0;10;4;2;0;0;2;6;2890;0;7;0;0
572;2023;15;9999;13;1;8;0;5;0;0;0;0;64;0;24;31;10;18;10;7;25;13419;407;749;0;0
572;2021;15;9999;10;1;3;0;0;0;0;0;0;58;0;20;13;6;8;3;2;19;9256;758;365;0;0
572;2022;15;9999;6;2;2;0;1;0;0;0;0;61;1;10;7;3;6;2;5;8;5661;0;382;0;0
573;2023;6;9999;6;1;3;0;-4;0;0;0;0;60;0;10;1;0;2;3;4;7;6284;977;163;0;0
573;2021;5;9999;6;0;0;0;-4;0;0;0;0;50;0;4;4;1;1;1;0;2;1753;0;168;0;0
573;2022;6;9999;11;1;3;2;0;0;0;0;0;55;1;15;0;0;3;5;3;7;11922;306;716;0;0
576;2023;7;9999;4;1;2;0;-2;0;0;0;0;58;0;5;1;1;1;1;0;2;2926;0;176;0;0
576;2021;7;9999;4;0;1;0;0;0;0;0;0;55;0;6;0;0;0;2;1;0;1870;0;98;0;0
576;2022;7;9999;5;1;0;2;-2;0;0;0;0;57;0;4;2;0;0;0;0;1;2297;0;164;0;0
577;2023;0;9999;15;0;4;4;1;0;0;0;0;51;0;16;0;0;24;7;1;1;14635;0;310;0;0
577;2022;8;9999;7;0;2;0;-4;0;0;0;0;49;0;6;0;0;12;2;0;3;7981;0;661;0;0
578;2023;4;9999;11;1;8;0;-3;0;2;0;0;75;0;33;18;4;40;9;5;12;11949;770;465;0;0
578;2021;4;9999;17;0;4;12;0;0;0;0;0;52;0;15;4;1;20;5;1;2;7528;60;272;2;0
578;2022;4;9999;17;3;1;2;0;0;0;0;0;60;1;34;21;4;32;14;5;13;17207;836;241;0;0
579;2023;14;9999;5;0;3;2;0;0;0;0;0;58;0;10;2;1;12;2;2;7;5513;46;81;0;0
579;2022;14;9999;5;0;0;0;-2;0;0;0;0;50;0;3;0;0;0;1;0;2;1788;0;0;0;0
581;2023;15;9999;13;2;2;0;-2;0;0;0;0;60;0;25;0;0;5;8;6;5;15761;0;739;0;0
581;2022;15;9999;6;0;0;2;-6;0;0;0;0;53;0;4;0;0;3;2;6;1;6118;195;381;0;0
582;2023;15;9999;13;6;6;0;2;0;3;0;0;72;1;33;158;84;9;8;7;10;13258;1189;0;0;0
582;2021;15;9999;10;2;3;4;0;0;0;0;0;60;0;17;2;1;3;8;3;9;9131;758;43;0;0
582;2022;15;9999;6;1;3;0;1;0;1;0;0;67;0;12;62;36;6;5;6;9;5746;765;24;0;0
584;2023;7;9999;4;0;0;2;-3;0;0;0;0;50;0;3;4;3;2;1;0;3;2066;0;0;0;0
584;2022;7;9999;5;2;0;0;-2;0;0;0;0;49;0;2;2;2;2;4;0;5;3674;0;0;0;0
587;2023;15;9999;13;1;1;15;-2;0;0;0;0;67;0;14;0;0;31;6;4;9;15378;0;340;3;1
587;2021;15;9999;10;0;3;16;0;0;0;0;1;57;0;8;0;0;22;2;2;7;10605;0;670;2;0
587;2022;15;9999;6;0;0;0;-2;0;0;0;0;57;0;9;0;0;28;2;1;3;6516;0;371;0;0
588;2023;7;9999;4;1;1;2;0;0;0;0;0;73;0;12;60;29;15;3;2;5;4127;346;78;0;0
588;2021;7;9999;4;0;0;0;0;0;0;0;0;52;0;5;28;12;2;0;0;1;1800;0;0;0;0
588;2022;7;9999;5;2;0;6;0;0;0;0;0;66;1;5;36;20;10;2;3;8;4974;92;124;0;0
589;2022;9;9999;12;2;0;6;4;0;0;0;0;53;1;21;0;0;23;1;0;9;12226;404;329;0;0
592;2023;14;9999;5;0;0;0;-6;0;0;0;0;52;0;5;0;0;8;1;4;12;5706;0;412;0;0
592;2021;14;9999;4;0;0;0;-1;0;0;0;0;50;0;1;0;0;2;0;3;9;4609;268;43;0;0
592;2022;14;9999;5;0;0;0;-4;0;0;0;0;55;0;3;3;2;4;1;0;11;5611;127;299;0;0
595;2023;0;9999;15;2;14;0;4;0;5;0;0;69;0;32;222;106;20;8;9;2;14197;1906;0;0;0
595;2022;0;9999;16;2;4;2;-4;0;0;0;0;56;0;15;148;74;17;7;2;6;10348;0;44;0;0
597;2023;1;9999;2;0;0;0;-1;0;0;0;0;61;0;2;0;0;2;0;0;7;2243;0;124;0;0
597;2021;1;9999;17;3;0;7;3;0;0;0;0;52;1;18;1;1;17;11;3;31;16181;11;1007;1;0
597;2022;1;9999;11;1;1;0;0;0;0;0;0;56;0;22;5;1;15;3;1;20;12298;27;572;0;0
599;2021;9;9999;11;1;4;0;2;0;0;0;0;50;0;4;7;1;6;5;3;11;6551;0;503;0;0
600;2023;15;9999;13;5;5;0;3;2;2;0;0;61;0;24;195;120;15;10;5;12;12833;1189;221;0;0
600;2021;15;9999;10;2;2;2;-3;0;0;0;0;58;1;9;134;86;5;3;5;11;8328;758;73;0;0
600;2022;15;9999;6;0;4;2;-1;0;2;0;0;63;0;9;106;61;8;3;0;6;5519;765;522;0;0
601;2023;9;9999;5;1;1;0;1;0;0;0;0;60;0;7;1;0;7;3;0;2;5782;0;67;0;0
601;2022;9;9999;12;0;1;0;-4;0;0;0;0;52;0;14;19;4;6;4;0;13;7973;356;709;0;0
602;2023;9;9999;5;1;3;0;3;1;1;0;0;71;0;10;18;9;5;1;3;4;5128;903;238;0;0
602;2021;9;9999;11;0;0;2;-5;0;0;0;0;54;0;6;9;4;3;4;4;1;7807;0;0;0;0
602;2022;9;9999;12;4;5;0;-3;0;1;0;0;61;0;17;18;2;9;4;5;12;12592;398;0;0;0
603;2023;7;9999;4;0;0;12;-3;0;0;0;0;55;0;6;1;0;2;0;2;8;2917;0;244;0;0
603;2022;7;9999;5;0;0;0;0;0;0;0;0;53;0;2;2;1;6;1;2;6;4745;0;249;0;0
604;2023;3;9999;14;11;9;11;3;5;4;0;0;66;2;58;23;13;15;9;1;13;14315;1812;245;1;0
604;2021;3;9999;8;2;3;0;0;1;0;0;0;59;1;15;7;6;4;3;0;3;6275;419;29;0;0
604;2022;3;9999;17;4;5;4;1;1;1;0;0;57;2;35;15;11;4;7;0;8;12573;805;43;0;0
606;2023;5;9999;20;6;11;0;2;0;2;0;0;61;1;56;36;11;3;18;10;22;17510;2607;716;0;0
606;2021;5;9999;6;2;0;2;-2;0;0;0;0;53;1;14;8;3;6;6;1;7;5558;141;467;0;0
606;2022;5;9999;7;3;6;0;1;1;0;0;0;62;1;15;16;7;16;2;0;7;6833;900;0;0;0
607;2023;2;9999;5;1;0;0;-1;0;0;0;0;55;0;5;5;2;2;0;4;3;4084;0;233;0;0
607;2022;2;9999;12;0;0;0;1;0;0;0;0;53;0;5;0;0;1;1;2;3;6333;27;59;0;0
608;2023;8;9999;11;2;1;2;0;0;0;0;0;59;1;21;12;2;1;3;4;4;9475;1445;0;0;0
608;2022;8;9999;7;0;1;2;-4;0;0;0;0;56;0;15;5;3;0;6;1;5;6872;215;0;0;0
609;2023;0;9999;15;2;9;2;5;1;3;0;0;68;0;39;0;0;28;6;13;13;18303;2073;420;0;0
609;2021;0;9999;7;0;1;0;-4;0;0;0;0;51;0;14;0;0;4;8;3;3;7126;1148;186;0;0
609;2022;0;9999;16;1;3;2;-6;0;0;0;0;53;1;26;7;1;25;3;2;4;18192;0;270;0;0
611;2023;2;9999;5;0;1;2;-1;0;0;0;0;58;0;10;19;8;4;1;2;6;4919;0;345;0;0
611;2021;2;9999;24;6;2;2;4;0;0;2;0;53;1;18;111;39;4;15;6;18;11307;11;3886;0;0
611;2022;2;9999;12;0;0;2;-1;0;0;0;0;54;0;14;26;10;4;8;1;6;10998;0;857;0;0
612;2023;4;9999;11;2;3;6;-5;0;0;0;0;58;0;29;0;0;10;2;5;14;13558;859;427;0;0
612;2022;4;9999;17;1;5;2;1;0;0;0;0;58;0;19;1;1;18;10;4;7;14222;443;55;0;0
613;2023;4;9999;11;0;2;2;3;0;0;0;0;57;0;11;104;47;27;6;4;14;11140;0;775;0;0
613;2022;15;9999;6;0;1;4;-4;0;0;0;0;51;0;7;0;0;7;3;2;7;5548;0;0;0;0
615;2023;8;9999;11;0;4;6;-2;0;0;0;0;57;0;10;0;0;10;6;3;7;12541;297;410;0;0
615;2021;8;9999;4;0;0;0;-3;0;0;0;0;48;0;3;6;1;4;3;1;1;3274;0;117;0;0
615;2022;8;9999;7;0;3;6;-3;0;0;0;0;59;0;8;0;0;17;0;2;9;8182;176;26;0;0
619;2023;0;9999;15;1;8;2;4;0;1;0;1;69;0;15;190;99;24;10;3;15;14826;620;697;0;0
619;2021;3;9999;8;0;3;6;-2;0;0;0;0;56;0;9;132;70;11;3;2;3;7488;0;799;0;0
619;2022;3;9999;17;3;1;0;-4;0;0;0;0;59;0;13;221;116;18;8;7;11;13583;0;1573;0;0
620;2023;7;9999;4;2;0;0;0;0;0;0;0;60;0;11;0;0;1;3;1;3;4030;346;0;0;0
620;2021;7;9999;4;0;0;0;-5;0;0;0;0;59;0;6;0;0;1;2;1;5;3571;0;0;0;0
620;2022;7;9999;5;1;0;2;1;0;0;0;0;66;0;19;5;3;4;4;2;15;5617;380;264;0;0
621;2023;6;9999;6;1;1;0;-3;0;0;0;0;64;1;4;104;61;1;6;1;13;5623;904;24;0;0
621;2021;6;9999;6;0;3;0;0;0;0;0;0;56;0;6;41;23;7;0;0;3;2927;0;113;0;0
621;2022;6;9999;11;0;5;7;2;0;0;0;0;63;0;21;121;63;13;3;2;10;9251;325;0;1;0
646;2023;9;9999;5;0;0;0;-4;0;0;0;0;50;0;11;0;0;7;1;0;3;4931;0;292;0;0
646;2022;9;9999;12;0;4;0;-1;0;0;0;0;60;0;14;4;1;24;2;3;7;12876;0;707;0;0
729;2023;3;9999;14;3;3;4;0;0;0;0;0;52;0;16;10;3;5;5;2;5;7531;0;505;0;0
764;2023;6;9999;6;0;0;4;-5;0;0;0;0;48;0;9;0;0;6;1;1;0;5916;0;154;0;0
775;2023;3;9999;14;2;1;2;1;0;0;0;0;53;1;11;9;1;3;4;3;15;7142;0;115;0;0
779;2023;4;9999;11;2;3;4;0;0;0;0;0;65;0;31;2;1;20;6;9;23;15010;87;769;0;0
782;2023;9;9999;5;0;0;0;-3;0;0;0;0;51;0;2;33;15;0;2;1;1;1986;0;0;0;0
793;2023;2;9999;5;0;0;0;-4;0;0;0;0;49;0;3;0;0;0;2;1;6;2647;0;0;0;0
798;2023;0;9999;15;1;2;4;0;0;0;0;0;52;0;11;0;0;12;4;3;0;8039;0;0;0;0
798;2022;8;9999;7;1;1;0;-3;0;0;0;0;51;0;4;58;12;1;0;0;1;4312;0;9;0;0
799;2022;5;9999;7;0;1;0;-2;0;0;0;0;52;0;5;6;2;4;2;0;2;3517;0;167;0;0
898;2023;4;9999;11;2;1;4;1;0;0;0;0;56;1;15;0;0;15;4;4;5;9663;87;415;0;0
899;2023;7;9999;4;1;2;0;-1;0;0;0;0;56;0;6;1;0;0;4;0;3;3029;0;35;0;0
900;2023;7;9999;4;0;0;0;-3;0;0;0;0;48;0;4;27;11;1;1;0;2;2066;0;0;0;0
901;2023;2;9999;5;2;1;0;-2;0;0;0;0;50;0;7;0;0;4;7;2;5;4793;164;0;0;0
902;2023;6;9999;6;1;0;4;-2;0;0;0;0;59;0;12;6;3;7;2;2;2;4939;389;131;0;0
903;2023;1;9999;6;0;0;2;1;0;0;0;0;51;0;1;4;1;4;1;0;5;3215;0;132;0;0
905;2023;2;9999;5;0;3;0;3;0;0;0;0;55;0;9;10;5;3;3;4;3;4190;164;0;0;0
906;2023;8;9999;11;3;0;9;1;0;0;0;0;54;0;9;0;0;19;4;1;3;8254;0;26;1;0
907;2023;7;9999;4;0;0;20;-1;0;0;0;0;56;0;3;37;17;14;2;1;2;2995;139;71;0;0
908;2023;8;9999;11;0;1;4;-1;0;0;0;0;52;0;7;29;18;6;2;5;2;6978;276;0;0;0
909;2023;4;9999;11;4;5;4;1;0;0;0;0;62;1;18;4;1;10;1;6;5;11276;176;0;0;0
910;2023;7;9999;4;2;0;0;-1;0;0;0;0;51;0;9;0;0;0;3;2;0;3034;139;25;0;0
911;2023;3;9999;14;2;1;0;-9;0;0;0;0;55;0;12;23;13;12;3;5;12;10546;0;758;0;0
912;2023;2;9999;5;1;2;0;4;0;0;0;0;58;0;3;60;33;6;2;0;4;4270;164;0;0;0
913;2023;1;9999;7;1;1;0;0;0;0;0;0;58;0;4;73;28;2;0;2;9;3618;0;794;0;0
914;2023;1;9999;5;1;2;0;0;0;0;0;0;57;0;11;0;0;4;1;0;1;4884;45;196;0;0
915;2023;9;9999;5;1;0;2;-5;0;0;0;0;53;0;5;0;0;5;2;2;5;4481;0;79;0;0
916;2023;7;9999;4;0;3;0;2;0;0;0;0;53;0;8;0;0;1;5;1;1;5122;357;21;0;0
917;2023;6;9999;6;1;2;0;-3;0;0;0;0;57;0;5;0;0;4;4;3;17;6489;0;200;0;0
919;2023;8;9999;11;1;2;4;0;0;0;0;0;55;0;23;5;1;26;4;6;14;10924;0;684;0;0
920;2023;1;9999;7;0;1;0;-2;0;0;0;0;51;0;4;0;0;6;4;0;4;6847;0;199;0;0
922;2023;1;9999;7;0;0;0;-1;0;0;0;0;56;0;10;0;0;5;4;6;1;7296;37;500;0;0
923;2023;4;9999;11;1;5;0;3;0;0;0;0;57;0;15;80;38;11;12;1;10;10508;176;0;0;0
924;2023;8;9999;11;0;4;9;-6;0;0;0;0;56;0;12;17;6;10;5;5;11;7417;489;918;1;1
925;2023;4;9999;11;0;3;0;-2;0;0;0;0;61;0;12;138;76;6;2;5;7;10776;0;129;0;0
932;2023;6;9999;6;0;1;0;2;0;1;0;0;55;0;2;37;25;0;1;3;3;2851;2;0;0;0
933;2023;3;9999;14;2;1;2;1;0;0;0;0;51;0;7;100;58;2;1;1;0;6935;0;0;0;0
934;2023;3;9999;14;0;3;0;-9;0;0;0;0;57;0;13;132;67;15;9;3;10;10962;0;339;0;0
935;2023;7;9999;4;0;0;0;-3;0;0;0;0;49;0;1;0;0;1;2;0;2;2078;0;0;0;0
937;2023;5;9999;20;3;4;4;3;0;0;0;1;55;1;16;18;13;18;7;9;9;10114;0;172;0;0
939;2023;8;9999;11;2;0;0;-2;0;0;0;0;57;0;11;63;30;8;3;4;14;7170;267;0;0;0
940;2023;3;9999;14;1;1;4;-8;0;0;0;0;54;0;17;0;0;11;3;5;5;10905;0;0;0;0
941;2023;2;9999;5;0;1;0;-4;0;0;0;0;48;0;3;3;1;2;1;0;1;2630;0;0;0;0
945;2023;2;9999;5;1;0;0;0;0;0;0;0;61;0;9;0;0;7;1;1;5;4101;127;29;0;0
949;2023;4;9999;11;1;1;10;1;0;0;0;0;58;0;12;0;0;21;2;3;9;9610;0;331;2;2
950;2023;4;9999;11;0;1;2;-2;0;0;0;0;53;0;3;4;2;11;1;0;5;4109;0;354;0;0
953;2023;3;9999;14;0;4;4;0;0;0;0;0;51;0;21;1;0;22;6;3;2;15410;46;654;0;0
963;2023;8;9999;11;3;2;16;2;0;0;0;0;66;0;17;0;0;35;1;4;15;12612;628;1022;2;1
969;2023;6;9999;6;1;0;2;-1;1;0;0;0;55;0;6;0;0;3;3;3;1;4665;18;39;0;0
973;2023;4;9999;11;2;3;0;0;0;0;0;0;54;0;10;0;0;6;3;2;4;10470;0;0;0;0
974;2023;6;9999;6;3;3;2;-2;0;1;0;0;59;0;12;98;54;13;2;1;0;5610;365;232;0;0
978;2023;4;9999;11;0;1;0;-2;0;0;0;0;51;0;5;61;34;1;3;2;1;4090;0;45;0;0
984;2023;8;9999;11;1;1;6;0;0;0;0;0;55;1;9;0;0;20;0;4;1;10757;0;119;0;0
17;2019;0;9999;7;0;3;0;-1;0;1;0;0;82;0;15;138;79;23;7;2;6;7818;1430;735;0;0
37;2019;1;9999;15;0;2;2;3;0;0;0;0;54;0;13;0;0;28;4;3;2;13686;0;214;0;0
46;2019;1;9999;15;5;3;0;-2;0;0;0;0;64;0;36;35;10;42;5;5;15;17095;394;1253;0;0
47;2019;1;9999;15;9;9;4;3;5;2;0;0;65;1;48;2;2;24;9;5;10;15118;1360;0;0;0
50;2019;1;9999;15;5;10;2;-5;1;6;0;0;65;2;43;0;0;9;9;5;10;17021;1428;0;0;0
55;2019;1;9999;15;4;3;0;2;2;0;0;0;61;0;26;221;106;22;2;9;17;15264;435;240;0;0
83;2019;8;9999;14;4;6;2;3;0;0;0;0;61;0;33;0;0;9;7;5;8;14254;305;0;0;0
174;2019;5;9999;12;1;4;6;-2;0;1;0;0;71;0;31;3;1;16;8;8;17;17429;1661;1268;0;0
186;2019;5;9999;12;2;1;4;-4;1;0;0;0;58;0;25;6;2;5;8;6;12;12574;1714;0;0;0
220;2019;7;9999;17;0;2;2;2;0;0;0;0;59;0;14;70;40;6;3;5;19;9150;0;81;0;0
250;2019;7;9999;17;3;4;0;0;1;0;0;0;61;0;41;20;6;7;13;5;14;18312;1558;0;0;0
271;2019;8;9999;14;3;5;10;1;0;0;0;0;72;0;22;0;0;69;8;5;17;18715;0;1086;0;0
277;2019;8;9999;14;1;4;2;0;0;0;0;0;65;0;39;0;0;19;11;4;14;13610;1688;237;0;0
281;2019;8;9999;14;5;3;2;0;1;1;0;0;65;2;47;20;4;19;6;5;5;13836;1691;0;0;0
19;2019;0;9999;7;1;2;0;-3;0;0;0;0;58;1;10;7;3;29;2;3;9;7253;0;414;0;0
19;2020;9;9999;20;4;3;0;-3;0;0;0;0;59;0;27;72;41;29;10;1;18;10695;0;1540;0;0
39;2019;1;9999;15;2;12;4;-3;1;5;0;0;65;0;41;0;0;12;11;7;15;20697;1355;574;0;0
39;2020;1;9999;12;1;5;4;-1;0;0;0;0;68;1;23;1;0;23;10;7;8;15602;1486;146;0;0
40;2019;1;9999;15;3;7;4;1;1;3;0;0;62;2;37;0;0;26;15;12;16;20764;1355;1233;0;0
40;2020;1;9999;12;1;2;6;-1;0;1;0;0;66;0;24;0;0;24;15;10;29;15775;1486;499;0;0
51;2019;1;9999;15;0;9;6;-4;0;1;0;0;66;0;30;243;136;18;4;8;22;17034;1463;0;0;0
51;2020;1;9999;12;2;1;2;0;1;0;0;0;69;0;31;207;123;10;3;7;13;13056;1466;0;0;0
51;2021;1;9999;17;3;6;2;-3;0;1;0;0;64;2;33;256;133;12;5;7;23;17533;1050;184;0;0
59;2019;1;9999;15;6;3;2;3;0;0;0;0;59;1;41;29;11;19;12;2;13;15715;435;0;0;0
59;2020;1;9999;12;4;4;2;-1;0;2;0;0;63;0;36;24;14;18;14;1;13;13073;1466;0;0;0
59;2021;1;9999;17;5;9;2;0;2;1;0;0;65;0;43;25;10;22;15;9;23;18453;2286;0;0;0
93;2021;15;9999;10;1;4;2;-4;0;2;1;0;73;0;21;172;97;17;6;3;28;9901;1461;801;0;0
103;2020;9;9999;20;2;7;0;4;0;1;0;0;64;0;46;0;0;21;11;13;8;26110;1845;575;0;0
112;2021;3;9999;8;2;1;0;-2;0;0;0;0;73;0;24;9;5;4;3;9;4;8278;1151;899;0;0
142;2019;4;9999;7;1;4;2;-3;1;0;0;0;66;0;21;0;0;0;7;7;6;9772;1206;638;0;0
142;2020;4;9999;14;4;5;8;12;0;0;0;0;69;1;41;1;0;5;12;10;24;18034;1091;453;0;0
148;2019;4;9999;7;2;6;4;1;1;0;0;0;68;0;25;16;6;1;3;6;2;8389;1206;0;0;0
148;2020;4;9999;14;3;6;2;2;0;1;0;0;63;1;27;0;0;10;5;8;7;13879;1091;0;0;0
148;2021;4;9999;17;7;10;4;7;1;1;0;0;65;1;47;21;5;16;5;5;13;16000;1257;0;0;0
150;2019;4;9999;7;3;2;6;2;0;0;0;0;64;0;20;3;2;6;1;2;5;8270;1253;372;0;0
150;2020;4;9999;14;7;6;18;1;0;1;0;0;62;1;42;20;7;7;2;3;14;14392;1051;0;0;0
177;2019;5;9999;12;2;2;6;-4;0;0;0;0;62;0;24;143;72;11;8;4;2;12661;528;587;0;0
177;2020;5;9999;16;5;9;2;0;2;1;0;0;74;0;42;236;130;15;6;9;15;15309;2122;787;0;0
185;2019;5;9999;12;6;3;0;0;0;0;0;0;64;2;37;0;0;10;0;4;19;13769;528;2;0;0
185;2020;5;9999;16;1;9;4;6;0;0;0;0;60;0;33;12;4;11;5;9;24;16620;684;771;0;0
192;2019;5;9999;12;1;10;2;2;0;2;0;0;74;0;30;214;102;13;2;7;11;13919;1766;1481;0;0
192;2020;5;9999;16;5;2;6;6;0;0;0;0;67;2;31;224;116;8;12;13;15;16457;684;1657;0;0
221;2019;6;9999;4;1;1;2;2;0;0;0;0;65;0;5;92;51;7;1;1;2;4027;694;190;0;0
221;2020;6;9999;5;2;0;0;-5;1;0;0;0;65;0;7;86;41;20;5;1;7;4821;986;743;0;0
235;2019;7;9999;17;0;9;0;5;0;0;0;0;60;0;28;0;0;6;12;11;11;22321;393;922;0;0
235;2020;7;9999;7;0;5;2;-3;0;0;0;0;59;0;12;0;0;7;4;7;14;8979;171;304;0;0
237;2019;7;9999;17;2;5;2;4;0;1;0;0;66;0;50;1;0;14;11;7;8;22025;1110;535;0;0
237;2020;7;9999;7;1;1;0;-5;0;1;0;0;67;1;25;1;1;5;5;3;9;8674;1087;0;0;0
240;2019;7;9999;17;2;6;0;9;1;1;0;0;69;1;45;0;0;10;8;10;15;21549;1676;113;0;0
240;2020;7;9999;7;3;1;2;-3;0;0;0;0;62;0;17;0;0;2;2;4;5;8855;201;53;0;0
252;2019;7;9999;17;2;3;0;1;2;0;0;0;66;0;32;0;0;3;4;8;22;16644;1558;0;0;0
252;2020;7;9999;7;1;3;0;-4;0;0;0;0;58;1;11;4;2;1;2;2;7;7147;219;31;0;0
253;2019;7;9999;17;5;5;2;7;0;1;0;0;62;1;40;0;0;6;2;8;14;17868;511;131;0;0
253;2020;7;9999;7;0;1;0;1;0;0;0;0;57;0;11;2;0;0;0;2;6;6828;219;225;0;0
259;2019;7;9999;17;2;11;4;7;0;0;0;0;65;1;27;229;121;9;2;5;14;18097;393;343;0;0
259;2020;7;9999;7;0;2;2;1;0;0;0;0;67;0;11;95;52;3;1;2;8;6689;1117;0;0;0
274;2019;8;9999;14;0;2;0;-2;0;0;0;0;59;0;21;0;0;19;14;0;20;18536;330;1009;0;0
274;2020;8;9999;7;0;2;2;-1;0;0;0;0;60;0;14;1;0;5;3;1;13;8111;0;472;0;0
284;2019;8;9999;14;1;8;2;0;1;2;0;0;66;0;36;231;139;9;5;4;25;13945;1691;320;0;0
284;2020;8;9999;7;1;6;0;2;0;2;0;0;67;1;17;119;55;6;1;2;4;6602;714;0;0;0
294;2019;8;9999;14;4;6;4;3;0;0;0;0;59;1;24;15;3;15;2;9;19;14291;377;0;0;0
294;2020;8;9999;7;2;6;2;3;0;0;0;0;57;0;11;0;0;2;5;2;13;6860;253;0;0;0
320;2019;9;9999;4;0;1;4;-3;0;1;0;0;65;0;4;76;35;7;1;2;7;4162;275;108;0;0
320;2020;9;9999;20;6;9;18;2;1;2;0;0;64;1;44;349;187;13;12;5;10;23545;1741;0;0;0
368;2019;4;9999;7;2;3;0;2;0;0;0;0;65;1;11;0;0;11;5;2;8;9009;430;323;0;0
368;2020;4;9999;14;1;3;4;4;0;0;0;0;58;0;15;0;0;19;12;4;17;16189;387;524;0;0
368;2021;4;9999;17;1;4;2;-6;0;0;0;0;61;0;42;1;0;25;10;6;14;19661;1389;1011;0;0
7;2019;0;9999;7;1;3;4;-1;1;1;0;1;63;0;14;0;0;20;2;2;9;8430;1471;522;0;0
7;2020;5;9999;16;1;2;6;4;0;0;0;0;62;0;31;3;0;15;8;7;31;17419;758;1044;0;0
7;2021;9;9999;11;0;5;4;6;0;0;0;1;64;0;21;0;0;20;11;5;14;12435;36;964;0;0
23;2019;4;9999;7;2;1;0;2;0;0;0;0;60;0;7;84;42;2;2;0;5;6542;0;826;0;0
23;2020;4;9999;14;1;3;0;0;0;0;0;0;59;0;22;146;66;20;3;5;10;10941;0;1210;0;0
23;2021;4;9999;17;8;8;8;10;1;2;1;0;64;3;49;224;110;31;7;9;8;16111;2232;825;0;0
26;2019;0;9999;7;1;3;2;-2;0;2;0;0;59;0;23;13;5;12;3;2;9;7499;1405;0;0;0
26;2020;0;9999;7;1;4;0;1;1;0;0;0;63;0;15;22;12;7;7;1;10;7900;183;291;0;0
26;2021;0;9999;7;3;2;0;-1;0;1;0;0;69;0;27;16;7;9;1;5;13;7063;1197;0;0;0
26;2022;0;9999;16;4;5;0;6;0;1;0;0;66;1;45;35;15;14;6;4;14;14535;450;632;0;0
27;2019;0;9999;7;2;2;12;-3;1;0;0;0;69;0;13;79;43;7;3;4;8;7302;448;541;0;0
27;2020;0;9999;7;0;4;6;0;0;2;0;0;68;0;21;123;62;8;1;7;7;7824;597;227;0;0
27;2021;0;9999;7;2;3;0;0;1;1;0;0;70;1;23;122;66;6;1;2;7;7306;740;187;0;0
27;2022;0;9999;16;4;11;0;4;2;6;0;0;72;1;48;220;118;23;4;5;5;14049;2636;437;0;0
28;2019;0;9999;7;0;2;4;0;0;0;0;0;59;0;17;5;1;3;1;0;6;4286;1471;0;0;0
28;2020;0;9999;7;3;4;0;1;0;0;0;0;57;1;14;13;4;14;4;2;13;8077;183;0;0;0
41;2019;1;9999;15;0;4;2;8;0;1;0;0;56;0;16;0;0;19;8;6;19;17556;508;1256;0;0
41;2020;1;9999;12;0;2;0;0;0;0;0;0;58;0;13;0;0;22;12;4;7;9878;0;919;0;0
41;2021;1;9999;17;4;4;6;-1;0;0;0;0;59;0;40;0;0;26;13;5;13;23090;850;1245;0;0
48;2019;1;9999;15;5;4;2;6;0;0;0;0;68;0;39;14;4;17;8;2;19;14102;0;240;0;0
48;2020;1;9999;12;3;4;0;-5;0;0;0;0;64;1;21;19;4;13;6;4;22;10920;0;261;0;0
48;2021;1;9999;17;1;7;2;3;0;0;0;0;65;1;36;8;2;18;9;4;15;18461;0;234;0;0
52;2019;1;9999;15;3;6;6;10;0;0;0;0;60;2;28;198;110;17;6;4;11;14395;0;1154;0;0
52;2020;1;9999;12;1;5;4;2;0;0;0;0;68;0;24;172;93;11;8;4;10;13217;537;361;0;0
52;2021;1;9999;17;4;6;6;2;0;0;0;0;66;2;51;276;134;12;4;6;20;19489;0;1122;0;0
79;2021;2;9999;24;3;7;38;6;0;0;0;1;58;2;46;0;0;43;13;14;44;28652;0;3314;4;3
115;2021;3;9999;8;2;2;2;-3;0;0;0;0;59;0;24;0;0;3;3;2;6;7438;1151;0;0;0
115;2022;3;9999;17;6;4;0;3;1;1;0;0;62;0;53;3;0;12;6;5;17;15270;1955;23;0;0
120;2021;3;9999;8;0;3;6;-1;0;1;0;0;62;0;9;133;59;3;3;2;9;8189;1151;246;0;0
120;2022;3;9999;17;8;8;8;14;0;0;0;0;65;2;59;283;138;9;3;5;9;15546;1955;8;0;0
124;2019;4;9999;7;1;1;0;-3;0;0;0;0;56;0;10;67;33;3;0;1;7;4106;383;415;0;0
124;2020;4;9999;14;2;8;2;1;1;0;0;0;63;0;36;253;126;20;4;8;14;14403;962;0;0;0
124;2021;4;9999;17;6;8;0;3;1;2;0;0;62;2;56;256;139;26;6;5;8;14559;2243;29;0;0
124;2022;4;9999;17;7;6;4;4;0;3;0;0;59;2;51;260;137;26;7;3;19;17101;1272;827;0;0
152;2019;5;9999;12;2;1;8;-4;0;0;0;0;59;0;13;0;0;20;6;6;11;13650;494;817;0;0
152;2020;5;9999;16;3;7;2;0;1;1;0;0;65;1;45;0;0;21;21;6;7;22117;2048;669;0;0
152;2021;5;9999;6;0;3;0;0;0;0;0;0;65;0;21;4;2;9;17;5;2;7965;686;211;0;0
152;2022;5;9999;7;3;1;14;4;0;0;0;0;72;0;18;0;0;7;8;7;11;9271;980;662;0;0
154;2019;4;9999;7;2;2;2;1;0;0;0;0;66;0;10;9;2;15;1;5;5;6291;383;194;0;0
154;2020;4;9999;14;3;10;7;11;0;0;0;0;66;0;39;24;8;45;4;4;20;14627;427;483;1;0
154;2021;4;9999;17;4;9;9;8;0;2;0;0;68;0;33;29;9;45;6;4;25;16377;808;339;1;0
157;2019;6;9999;1;0;0;0;0;0;0;0;0;53;0;1;4;0;0;0;0;0;473;0;0;0;0
157;2020;6;9999;5;1;2;0;-2;0;0;0;0;60;0;6;57;27;8;0;0;4;3742;364;0;0;0
157;2021;6;9999;6;1;1;0;-4;0;1;0;0;60;1;14;114;50;9;3;1;6;7597;333;0;0;0
157;2022;6;9999;11;2;0;0;-1;1;0;0;0;60;1;22;14;6;9;2;3;4;10200;1162;0;0;0
159;2019;4;9999;7;2;3;0;-1;0;0;0;0;67;0;23;2;2;13;1;6;2;6335;1343;0;0;0
159;2020;4;9999;14;9;8;4;11;1;0;0;0;66;3;45;3;1;7;10;4;4;14523;1020;94;0;0
159;2021;4;9999;17;5;8;9;6;2;2;0;0;64;3;46;1;1;13;9;7;7;15948;2175;0;1;0
160;2019;4;9999;7;2;1;0;-3;0;0;0;0;56;1;5;0;0;15;3;1;12;5376;0;18;0;0
160;2020;4;9999;14;4;1;6;-1;0;0;0;0;60;0;17;0;0;25;4;4;6;11570;427;194;0;0
160;2021;4;9999;17;8;9;8;4;1;3;0;0;62;1;36;2;0;20;5;7;10;14862;2200;25;0;0
178;2019;4;9999;7;1;1;4;-1;0;0;1;0;55;1;9;4;0;3;5;2;2;4729;90;479;0;0
178;2020;4;9999;14;0;3;0;-3;0;0;0;0;58;0;25;1;0;14;12;3;6;13882;0;532;0;0
178;2021;4;9999;17;0;3;7;5;0;0;0;1;57;0;30;10;2;20;8;11;20;18757;438;1389;1;0
178;2022;4;9999;17;5;5;6;5;1;0;0;0;60;1;33;2;0;25;13;6;21;20898;1334;963;0;0
181;2019;5;9999;12;3;7;2;2;1;1;0;0;67;0;51;28;7;10;8;3;9;14060;1766;590;0;0
181;2020;5;9999;16;9;8;8;5;0;3;0;0;66;3;53;21;5;6;17;2;9;16350;2122;0;0;0
181;2021;5;9999;6;3;2;0;1;1;1;0;0;73;0;29;8;1;4;2;3;3;6537;612;0;0;0
197;2019;5;9999;12;2;2;4;-7;0;0;0;0;60;1;27;121;68;4;4;6;9;10185;11;506;0;0
197;2020;5;9999;16;3;4;7;5;0;0;0;0;66;1;27;166;94;7;12;8;10;13928;2048;590;1;0
197;2021;2;9999;24;6;8;8;19;0;0;0;0;63;0;36;311;179;13;8;8;11;21964;0;2413;0;0
208;2019;6;9999;4;0;0;0;-1;0;0;0;0;60;0;4;1;0;1;4;3;5;4792;770;255;0;0
208;2020;6;9999;5;1;1;2;-2;0;0;0;0;66;0;7;0;0;0;3;3;2;6133;1023;72;0;0
208;2021;6;9999;6;1;1;0;1;0;0;0;0;70;0;13;1;1;3;3;3;5;8656;0;336;0;0
209;2019;6;9999;4;0;0;0;-2;0;0;0;0;57;0;10;0;0;6;3;1;5;4884;770;172;0;0
209;2020;6;9999;5;0;1;12;-3;0;1;0;0;56;0;9;2;1;4;0;5;5;5426;456;658;0;0
209;2021;6;9999;6;0;1;4;-4;0;0;0;0;56;0;12;0;0;15;3;3;6;7949;0;95;0;0
215;2019;6;9999;4;0;0;4;-2;0;0;0;0;59;0;6;9;2;2;2;3;9;4143;694;0;0;0
215;2020;6;9999;5;1;1;2;-6;1;0;0;0;63;0;22;12;5;2;1;1;2;4932;986;0;0;0
215;2021;6;9999;6;1;1;2;-4;1;0;0;0;68;0;22;17;5;8;3;6;7;7554;706;0;0;0
227;2020;6;9999;5;1;4;4;0;0;1;0;0;59;1;9;5;1;0;0;1;0;3796;986;0;0;0
227;2021;6;9999;6;0;2;0;-3;0;1;0;0;59;0;15;0;0;3;4;1;6;7428;705;0;0;0
227;2022;6;9999;11;4;6;0;3;0;3;0;0;71;1;30;0;0;2;0;6;8;9734;1162;0;0;0
241;2019;7;9999;17;5;4;6;5;0;0;0;0;57;2;28;6;2;57;4;1;2;14571;0;0;0;0
241;2020;7;9999;7;0;2;0;-3;0;0;0;0;59;0;10;19;10;12;6;2;9;6475;0;426;0;0
241;2021;7;9999;4;1;1;2;0;0;0;0;0;68;0;10;16;7;9;2;0;5;3523;226;319;0;0
244;2019;7;9999;17;7;5;0;7;0;0;0;0;59;0;44;22;8;15;23;6;9;17690;0;405;0;0
244;2020;7;9999;7;1;2;0;-4;0;1;0;0;64;0;15;15;7;8;3;4;11;7074;1039;0;0;0
244;2021;7;9999;4;1;0;2;-1;0;0;0;0;67;0;11;9;2;0;3;2;12;3754;718;245;0;0
254;2019;4;9999;7;1;6;0;1;0;2;0;0;63;0;13;150;69;7;0;3;11;8426;1253;194;0;0
254;2020;4;9999;14;3;4;0;11;0;0;0;0;60;0;17;196;93;5;8;7;12;14512;450;442;0;0
254;2021;4;9999;17;6;4;8;2;2;0;0;0;64;1;43;211;119;9;5;6;22;16229;783;384;0;0
254;2022;4;9999;17;5;9;6;4;0;2;0;0;65;1;50;251;143;10;3;9;16;17494;1337;0;0;0
260;2019;7;9999;17;4;5;12;0;1;4;0;0;59;1;39;255;126;36;6;3;5;18274;1558;0;0;0
260;2020;7;9999;7;2;4;0;-4;0;2;0;0;64;0;21;130;73;20;5;1;0;7112;1039;0;0;0
260;2021;7;9999;4;1;1;2;-7;0;1;0;0;55;0;8;77;37;10;5;2;5;3617;718;252;0;0
275;2019;8;9999;14;1;3;2;0;1;0;0;0;64;1;38;1;0;7;12;8;13;18729;1712;635;0;0
275;2020;8;9999;7;0;1;0;-1;0;0;0;0;60;0;8;1;0;6;7;1;13;7851;0;402;0;0
275;2021;8;9999;4;0;1;0;-1;0;1;0;0;63;0;8;0;0;5;9;2;2;4810;1023;340;0;0
283;2019;8;9999;14;3;6;0;3;0;0;0;0;63;0;26;180;93;18;8;9;8;14432;46;1439;0;0
283;2020;8;9999;7;0;3;2;-3;0;0;0;0;55;0;4;67;33;3;1;1;6;4955;47;0;0;0
283;2021;8;9999;4;0;0;0;-1;0;0;0;0;62;0;6;51;28;1;0;1;3;3742;0;0;0;0
288;2019;9;9999;4;1;0;0;-2;0;0;0;0;55;0;3;42;24;2;1;1;1;3578;0;397;0;0
288;2020;9;9999;20;3;11;2;0;0;2;0;0;62;0;40;305;156;16;11;0;15;22940;906;83;0;0
288;2021;9;9999;11;3;11;2;4;2;3;0;0;68;1;33;182;91;8;5;8;18;11034;1218;446;0;0
288;2022;9;9999;12;3;8;0;-3;3;2;0;0;65;1;19;222;124;12;4;2;29;12290;1260;0;0;0
290;2019;8;9999;14;1;2;0;-4;0;0;0;0;57;0;14;33;16;1;4;8;28;12318;0;1409;0;0
290;2020;8;9999;7;0;1;0;-2;0;0;0;0;58;0;10;10;7;4;0;3;19;7309;0;546;0;0
290;2021;8;9999;4;1;1;0;-1;0;0;0;0;62;0;5;7;3;4;1;3;5;4083;0;373;0;0
301;2019;9;9999;4;1;1;0;-1;1;0;0;0;60;0;5;0;0;9;2;3;10;5585;279;339;0;0
301;2020;9;9999;20;3;10;0;-2;0;0;0;0;60;0;33;3;1;34;18;15;40;25147;0;1286;0;0
301;2021;9;9999;11;1;5;2;6;0;0;0;0;61;0;12;1;0;25;4;6;22;12127;89;591;0;0
307;2019;9;9999;4;0;0;0;-3;0;0;0;0;60;0;3;0;0;8;2;0;5;4841;135;269;0;0
307;2020;9;9999;20;2;7;4;-2;0;2;0;0;57;0;53;2;0;40;14;14;26;24243;791;1122;0;0
307;2021;9;9999;11;3;5;4;6;0;1;1;1;64;0;36;0;0;14;9;5;9;12238;1410;961;0;0
324;2019;9;9999;4;1;1;0;-3;0;1;0;0;64;0;7;2;1;3;3;4;4;4087;275;126;0;0
324;2020;9;9999;20;5;9;4;3;2;0;0;0;61;1;60;6;0;13;31;10;16;23429;1727;0;0;0
324;2021;9;9999;11;5;5;4;4;3;2;0;0;62;0;28;5;1;7;10;6;14;10956;1218;0;0;0
329;2019;0;9999;7;1;0;2;-2;0;0;0;0;58;0;7;0;0;8;3;1;6;7006;5;254;0;0
329;2020;0;9999;7;0;0;12;0;0;0;0;0;64;0;10;0;0;9;3;7;16;7929;161;405;2;0
329;2021;0;9999;7;1;2;9;-3;0;0;0;0;62;1;19;0;0;16;0;4;8;8276;95;161;1;0
329;2022;0;9999;16;5;6;10;5;0;0;0;0;63;2;38;1;0;24;9;5;17;18281;550;695;2;0
336;2019;4;9999;7;0;0;8;-3;0;0;0;0;63;0;7;0;0;8;0;2;10;10084;90;423;0;0
336;2020;4;9999;14;0;3;2;5;0;0;0;0;59;0;15;0;0;22;5;5;12;17006;0;981;0;0
336;2021;4;9999;17;1;3;4;10;0;0;0;1;58;0;20;3;0;17;4;12;28;19249;0;1829;0;0
336;2022;4;9999;17;2;2;6;4;0;0;0;0;64;0;33;1;1;18;4;9;21;22435;134;1467;0;0
338;2021;2;9999;24;2;11;13;2;1;2;0;0;69;1;54;2;0;20;20;16;32;27999;2501;747;1;0
343;2019;6;9999;1;0;0;2;-1;0;0;0;0;56;0;0;0;0;4;0;1;0;1172;42;0;0;0
343;2020;6;9999;5;0;1;2;-5;0;0;0;0;55;0;5;0;0;8;6;4;1;5593;327;553;0;0
343;2021;6;9999;6;2;3;0;0;0;1;0;0;68;0;14;1;1;6;4;4;2;8690;720;165;0;0
343;2022;6;9999;11;1;3;0;2;1;1;0;0;61;0;19;3;1;10;9;5;1;12736;1181;227;0;0
344;2021;3;9999;8;1;0;4;4;0;0;0;0;64;0;15;1;0;35;9;5;15;10412;0;815;0;0
344;2022;3;9999;17;1;4;8;11;0;0;0;0;59;0;36;0;0;49;18;14;22;20616;0;1285;0;0
348;2021;3;9999;8;3;1;2;3;0;1;0;0;59;1;25;0;0;11;5;4;11;10638;344;935;0;0
348;2022;3;9999;17;2;4;4;5;0;0;0;0;60;0;35;0;0;11;4;9;22;18904;775;1393;0;0
350;2019;9;9999;4;0;0;0;-1;0;0;0;0;59;0;4;11;5;6;2;1;5;2591;0;397;0;0
350;2020;9;9999;20;4;8;2;2;1;0;0;0;61;2;34;50;26;37;6;9;25;15244;788;1416;0;0
350;2021;9;9999;11;3;3;0;9;0;2;1;1;66;2;23;179;83;22;5;2;3;10204;382;1098;0;0
350;2022;9;9999;12;4;6;0;-2;0;3;0;0;59;0;22;25;13;17;7;3;15;12232;1370;343;0;0
353;2019;1;9999;15;2;2;0;4;0;0;0;0;57;0;19;66;39;5;3;2;13;5864;0;738;0;0
353;2020;1;9999;12;2;3;0;-3;0;1;0;0;62;0;18;172;95;10;5;5;6;10918;517;904;0;0
353;2021;1;9999;17;4;12;0;6;1;2;0;0;70;0;57;312;173;29;6;7;16;18523;2361;15;0;0
356;2019;5;9999;12;2;2;2;2;0;0;0;0;52;0;9;57;26;4;6;0;4;5444;0;269;0;0
356;2021;5;9999;6;1;0;2;-2;0;0;0;0;52;0;12;76;20;2;5;1;2;5515;0;379;0;0
358;2019;1;9999;15;2;3;0;5;0;0;0;0;53;2;11;5;0;13;5;4;2;6101;0;484;0;0
358;2020;1;9999;12;4;3;2;0;0;0;0;0;60;3;23;2;0;32;9;6;13;13223;537;302;0;0
358;2021;1;9999;17;5;8;0;3;1;1;0;0;64;0;38;9;2;30;6;4;14;17838;1342;875;0;0
358;2022;3;9999;17;0;8;11;1;0;0;0;0;58;0;25;0;0;25;6;1;4;12695;0;366;1;0
360;2019;1;9999;15;3;6;2;7;0;0;0;0;57;0;16;1;0;24;4;7;4;14067;0;690;0;0
360;2020;1;9999;12;2;3;12;1;1;0;0;0;60;0;25;21;11;22;15;3;13;12918;537;827;2;1
360;2021;1;9999;17;6;5;5;1;0;0;0;0;58;1;34;37;16;43;10;4;15;19647;963;1177;1;0
369;2019;9;9999;4;0;1;2;-1;0;0;0;0;50;0;1;0;0;4;0;1;1;2986;0;65;0;0
369;2020;9;9999;20;3;4;5;4;0;0;0;0;56;2;21;1;0;24;3;3;12;17860;0;733;1;1
369;2021;9;9999;11;0;3;4;-3;0;0;0;0;62;0;18;0;0;14;1;6;11;11988;262;704;0;0
369;2022;9;9999;12;0;7;2;-7;0;0;0;0;65;0;31;0;0;27;7;5;20;15487;1293;175;0;0
371;2019;4;9999;7;0;3;0;2;0;0;0;0;58;0;7;0;0;10;3;4;12;9084;520;367;0;0
371;2020;4;9999;14;3;7;2;11;0;0;0;0;60;0;33;1;0;15;9;4;19;17149;484;541;0;0
371;2021;4;9999;17;1;7;4;9;0;0;0;0;66;1;54;10;3;31;20;10;10;19774;757;973;0;0
371;2022;4;9999;17;2;8;6;2;2;1;0;0;65;1;38;3;1;27;10;4;30;17352;1199;199;0;0
382;2019;9;9999;4;0;1;0;-2;0;0;0;0;60;0;10;4;2;1;2;1;8;3549;172;0;0;0
382;2020;9;9999;20;11;8;4;1;0;1;0;0;64;1;74;30;14;42;18;14;11;23056;906;111;0;0
382;2021;9;9999;11;2;8;2;2;0;1;0;0;65;0;27;21;9;13;2;0;4;10132;382;503;0;0
384;2021;2;9999;24;3;12;6;4;0;1;0;2;63;1;47;339;183;14;16;4;14;22919;1032;3726;0;0
384;2022;2;9999;12;2;6;2;-4;0;1;0;0;60;1;22;141;81;8;1;7;5;11868;380;780;0;0
406;2019;7;9999;17;2;1;0;0;0;0;0;0;55;0;16;1;0;5;10;6;4;14818;0;218;0;0
406;2020;7;9999;7;0;0;12;-6;0;0;0;0;54;0;9;0;0;7;11;3;4;8541;30;317;0;0
406;2021;7;9999;4;0;1;2;-2;0;0;0;0;62;0;6;0;0;5;3;2;2;4679;215;409;0;0
411;2021;3;9999;8;2;2;9;1;0;0;0;0;59;1;16;1;0;12;3;2;13;6241;0;507;1;0
411;2022;3;9999;17;5;4;6;-4;0;0;0;0;60;1;33;12;1;19;11;7;16;11897;0;1463;0;0
412;2019;7;9999;17;4;5;2;3;1;0;0;0;56;2;34;23;10;16;18;8;15;16263;511;0;0;0
412;2020;7;9999;7;4;1;2;1;2;0;0;0;65;0;22;12;5;1;7;2;7;6722;1069;32;0;0
412;2021;7;9999;4;3;1;0;-1;1;0;0;0;62;0;10;0;0;2;0;1;2;3581;718;34;0;0
414;2019;6;9999;4;1;2;0;-1;0;0;0;0;57;0;7;6;2;8;1;1;7;3448;189;157;0;0
414;2020;6;9999;5;1;0;2;-2;0;0;0;0;72;0;10;3;1;5;3;2;2;4700;364;415;0;0
414;2021;6;9999;6;2;2;0;2;0;1;0;0;74;0;17;3;0;7;1;3;6;7629;348;7;0;0
423;2019;9;9999;4;0;0;2;-1;0;0;0;0;51;0;1;0;0;0;2;1;4;2589;139;0;0;0
423;2020;9;9999;20;8;10;4;2;2;0;0;0;58;0;55;1;1;6;16;10;18;22924;906;0;0;0
423;2021;9;9999;11;4;4;2;7;1;0;0;0;60;1;21;1;0;3;4;3;15;10076;382;0;0;0
425;2019;8;9999;14;1;3;0;-5;0;2;0;0;60;0;27;18;9;9;8;3;14;12272;1691;0;0;0
425;2020;8;9999;7;7;3;0;1;1;2;0;0;63;0;23;28;16;5;1;2;4;6811;714;546;0;0
425;2021;8;9999;4;1;1;0;-1;0;1;0;0;66;0;14;10;3;1;0;0;5;4091;1075;0;0;0
436;2019;9;9999;4;0;0;0;-2;0;0;0;0;56;0;1;2;0;2;3;1;4;3158;5;80;0;0
436;2020;9;9999;20;1;8;54;4;0;1;0;0;64;0;38;0;0;26;5;8;19;24552;1845;580;8;6
436;2021;9;9999;11;5;7;32;8;1;2;0;0;63;0;20;0;0;14;5;4;7;11193;1321;201;6;2
436;2022;9;9999;12;1;3;39;-7;0;2;0;0;60;1;30;0;0;18;11;9;12;14590;1279;151;7;4
440;2019;0;9999;7;2;4;0;1;0;0;0;1;56;1;8;1;0;22;6;0;8;7836;101;548;0;0
440;2020;0;9999;7;2;1;12;-4;0;1;0;0;51;1;11;0;0;7;3;4;17;8161;161;368;2;0
440;2021;0;9999;7;1;2;0;-4;0;0;0;0;56;0;5;0;0;11;0;3;5;8113;95;263;0;0
440;2022;0;9999;16;0;3;11;6;0;0;0;0;65;0;27;0;0;32;6;10;11;18174;550;554;1;0
441;2019;8;9999;14;1;2;4;3;0;0;0;0;56;0;16;4;2;14;3;5;10;10964;174;808;0;0
441;2020;8;9999;7;1;1;2;0;0;0;0;0;59;1;16;2;0;9;3;4;10;7966;307;50;0;0
441;2021;8;9999;4;0;1;0;-2;0;1;0;0;63;0;9;0;0;7;6;2;11;5098;440;251;0;0
441;2022;2;9999;12;2;3;18;-2;0;0;0;0;59;0;25;0;0;26;12;2;14;15266;0;283;2;0
446;2019;1;9999;15;2;4;2;6;0;0;0;0;55;0;11;4;3;6;3;1;4;5782;74;43;0;0
446;2020;1;9999;12;5;1;0;0;1;0;0;0;59;0;39;0;0;14;9;0;4;12771;1404;0;0;0
446;2021;1;9999;17;4;5;0;-2;1;1;0;0;56;2;43;0;0;18;4;3;8;18909;1019;0;0;0
446;2022;3;9999;17;3;14;0;15;0;0;0;1;66;0;47;4;2;24;7;7;4;15640;1955;469;0;0
453;2019;5;9999;12;2;2;6;-2;0;0;0;0;62;0;20;0;0;24;2;7;18;17443;1724;1238;0;0
453;2020;5;9999;16;2;6;14;3;0;0;0;0;56;0;22;0;0;34;8;11;46;21909;0;1699;0;0
453;2021;5;9999;6;0;4;4;0;0;2;0;0;59;0;9;0;0;7;3;0;8;7934;686;602;0;0
453;2022;15;9999;6;2;0;2;2;0;0;0;0;52;1;5;2;2;11;2;3;11;7206;0;481;0;0
455;2021;2;9999;24;3;10;4;14;0;0;0;1;64;0;29;0;0;14;21;17;84;26430;0;2662;0;0
457;2019;1;9999;15;0;6;4;2;0;0;0;0;59;0;14;1;0;8;6;5;11;13745;0;106;0;0
457;2020;1;9999;12;2;1;6;-1;0;0;0;0;57;0;24;0;0;17;9;5;17;15926;517;356;0;0
457;2021;1;9999;17;3;5;4;2;0;0;0;0;61;0;53;1;1;29;22;8;23;22669;901;260;0;0
458;2021;2;9999;24;16;10;4;14;2;1;0;0;65;1;68;22;11;11;11;5;33;22433;2479;74;0;0
458;2022;2;9999;12;4;5;6;-3;0;1;0;0;62;1;32;18;8;11;5;3;16;11882;1430;43;0;0
461;2021;3;9999;8;2;1;8;-1;0;0;0;0;64;0;14;15;9;9;4;4;11;8286;1226;313;0;0
461;2022;3;9999;17;7;7;0;14;0;0;0;0;62;2;43;34;14;26;4;6;15;15906;775;487;0;0
472;2022;9;9999;12;2;2;2;1;0;0;0;0;49;0;8;2;0;8;4;0;3;6110;0;74;0;0
479;2020;7;9999;7;2;0;0;-3;0;0;0;0;52;0;14;0;0;8;3;3;9;6361;0;0;0;0
479;2021;7;9999;4;0;1;2;0;0;0;0;0;59;0;6;0;0;13;2;2;2;3442;226;0;0;0
479;2022;7;9999;5;0;3;4;1;0;0;0;0;62;0;6;2;1;14;4;2;7;5564;283;390;0;0
481;2020;1;9999;12;0;3;10;1;0;0;0;0;51;0;6;3;1;2;7;0;0;4632;47;393;2;0
481;2021;1;9999;17;1;6;7;4;0;0;0;0;57;0;23;0;0;22;13;7;5;16009;82;881;1;1
481;2022;1;9999;11;0;3;4;0;0;0;0;0;59;0;12;1;0;24;13;2;5;12470;583;597;0;0
489;2020;5;9999;16;1;2;4;0;0;0;0;0;50;0;16;12;4;2;10;1;3;6588;596;84;0;0
489;2021;5;9999;6;2;0;2;-3;0;0;0;0;59;0;13;84;52;5;2;4;6;5983;275;0;0;0
491;2020;9;9999;20;1;8;10;4;0;0;0;0;58;1;38;1;1;17;6;6;11;17643;0;666;0;0
491;2021;9;9999;11;0;3;4;-4;0;0;0;0;59;0;10;0;0;17;7;3;9;11766;262;768;0;0
492;2020;6;9999;5;0;0;0;-1;0;0;0;0;51;0;3;30;18;0;0;1;1;1911;0;0;0;0
492;2021;6;9999;6;3;1;0;0;1;1;0;0;62;0;17;91;53;16;6;3;9;7221;706;0;0;0
492;2022;6;9999;11;4;4;0;-1;1;2;0;0;60;1;32;198;108;15;3;3;12;10009;1162;75;0;0
524;2021;2;9999;24;3;4;14;-9;1;0;0;0;59;1;53;28;12;23;15;3;11;22484;1014;0;0;0
524;2022;2;9999;12;3;5;2;2;0;1;0;0;64;0;28;17;7;14;7;2;3;11761;380;0;0;0
534;2020;8;9999;7;0;2;2;0;0;0;0;0;53;0;7;0;0;13;3;5;6;7743;262;364;0;0
534;2021;14;9999;4;0;1;0;-3;0;0;0;0;56;0;4;0;0;3;0;2;5;4850;0;239;0;0
534;2022;14;9999;5;0;0;0;-3;0;0;0;0;55;0;5;2;0;2;2;3;5;5591;0;610;0;0
583;2022;5;9999;7;1;1;0;-1;0;0;0;0;56;0;8;48;32;4;2;0;3;3306;324;6;0;0
