PlayerId;TeamId;FranchiseId;GP;G;A;+/-;PIM;PP G;PP A;SH G;SH A;Fights;Fights_Won;HIT;GvA;TkA;SB;GR;Game Rating Off;Game Rating Def;SOG;TOI;PPTOI;SHTOI;PDO;GF/60;GA/60;SF/60;SA/60;CF;CA;CF%;CF% rel;FF;FA;FF%;FF% rel
10;19;19;66;11;32;-10;16;4;6;0;0;0;0;117;39;50;148;62;60;62;187;83493;8916;4413;99.0;3.0;3.4;33.5;33.6;1459;1481;49.6;0.1;1083;1082;50.0;0.4
11;9;9;66;6;12;-16;14;0;0;0;0;0;0;94;32;39;144;61;53;66;89;69217;184;9151;98.4;2.7;3.4;31.4;34.2;1154;1246;48.1;-1.9;854;911;48.4;-1.7
20;18;18;66;19;52;-4;36;5;16;0;0;0;0;45;43;32;30;67;68;63;219;72718;10440;1818;99.6;2.9;2.9;35.1;33.5;1349;1242;52.1;5.5;985;900;52.3;5.7
22;2;2;66;27;33;45;14;3;5;0;0;0;0;112;62;11;6;71;74;61;254;72733;3385;4790;101.1;4.1;1.9;48.1;25.6;1849;931;66.5;-1.7;1353;727;65.0;-2.9
23;0;0;66;18;26;16;12;5;6;0;0;0;0;75;56;26;40;62;67;54;198;73024;3254;382;99.0;3.2;2.4;42.2;28.1;1657;1053;61.1;-6.3;1206;804;60.0;-7.2
40;1;1;66;13;33;33;22;5;5;0;1;0;0;104;39;24;107;63;64;61;219;73160;10507;4537;99.2;4.0;2.4;46.0;25.1;1739;953;64.6;3.9;1281;718;64.1;3.7
44;1;1;66;5;23;29;12;0;1;0;0;0;0;68;34;20;40;54;53;53;140;72913;108;873;100.1;3.8;2.3;42.2;26.5;1611;980;62.2;0.2;1173;744;61.2;-0.7
47;20;20;66;23;21;-15;20;4;6;1;1;0;0;126;40;24;38;63;68;55;200;72647;6992;1895;98.8;2.1;2.9;31.4;37.4;1156;1413;45.0;5.3;838;1071;43.9;4.0
52;6;6;66;21;31;21;20;0;0;1;0;0;0;96;37;21;40;60;68;50;160;63492;30;3142;101.6;3.8;2.7;37.4;31.0;1292;980;56.9;3.3;946;739;56.1;2.8
54;1;1;66;27;41;47;6;4;3;0;0;0;0;45;47;16;49;62;69;53;239;75854;3128;4254;102.4;3.9;1.6;44.1;24.9;1738;1029;62.8;1.2;1271;750;62.9;1.8
55;1;1;66;16;35;17;10;0;0;0;0;0;0;28;43;14;1;55;62;46;189;71165;80;2001;97.6;3.5;2.6;44.7;25.7;1658;937;63.9;2.8;1199;701;63.1;2.1
64;9;9;66;24;28;7;18;9;9;0;0;0;0;67;50;31;49;65;68;59;224;66238;10432;1496;100.6;3.3;2.9;37.1;35.1;1260;1225;50.7;2.0;944;888;51.5;3.0
75;9;9;66;6;17;-17;20;1;6;0;0;0;0;107;23;32;36;59;57;60;174;69518;11173;4347;98.1;2.5;3.4;32.2;34.9;1194;1247;48.9;-0.7;883;933;48.6;-1.4
76;2;2;66;13;43;44;24;7;11;0;1;0;0;162;26;40;147;65;65;64;252;72049;12358;4732;101.3;4.4;2.2;45.3;26.6;1715;948;64.4;-4.9;1268;741;63.1;-5.7
86;2;2;66;34;70;59;14;9;16;0;0;0;0;100;27;9;3;69;83;52;264;68635;11738;83;101.7;5.2;2.2;48.0;23.3;1788;817;68.6;1.5;1293;615;67.8;1.3
89;0;0;66;28;36;39;22;11;7;2;0;0;0;148;35;31;73;75;79;65;247;70983;11235;5284;100.5;3.6;1.7;45.4;23.2;1712;841;67.1;2.6;1255;622;66.9;3.1
98;2;2;66;20;47;63;8;5;16;0;0;0;0;103;35;32;72;70;60;76;255;71017;12448;2403;102.6;4.8;1.6;47.8;21.6;1880;787;70.5;4.3;1343;592;69.4;3.7
105;9;9;66;6;28;13;24;0;1;0;0;0;0;78;43;35;78;56;55;54;139;71168;2228;3665;101.2;3.4;2.7;34.8;32.1;1246;1213;50.7;1.9;934;892;51.2;2.4
107;6;6;66;3;23;5;12;0;0;0;1;0;0;69;46;24;84;56;52;59;97;72154;69;2870;100.1;2.9;2.7;35.3;33.4;1351;1207;52.8;-2.5;986;918;51.8;-3.4
111;21;21;66;7;18;-6;79;0;4;0;0;1;0;254;49;53;112;75;55;81;132;76299;2992;5367;100.6;2.7;2.8;31.1;34.6;1235;1394;47.0;-1.8;906;1021;47.0;-1.9
122;3;3;66;14;33;4;6;0;0;1;0;0;0;71;37;25;23;59;60;53;160;72169;277;6161;97.9;3.3;3.1;38.2;29.4;1376;1123;55.1;4.9;1032;829;55.5;4.6
123;11;11;66;5;13;-59;18;1;4;0;0;0;0;76;20;23;132;57;56;56;63;65052;2980;707;98.5;1.1;4.2;16.7;51.4;577;1730;25.0;-1.7;425;1281;24.9;-2.2
124;4;4;66;6;8;-45;6;0;1;0;0;0;0;28;29;32;166;58;53;60;53;53098;332;9122;100.4;1.4;4.4;14.8;50.5;428;1317;24.5;-0.6;313;976;24.3;-0.9
130;3;3;66;14;40;2;10;4;8;0;1;0;0;58;33;19;33;66;74;56;208;70102;10145;359;98.7;3.3;3.0;37.3;29.7;1318;1096;54.6;4.2;984;808;54.9;3.7
147;21;21;66;30;26;-12;14;8;7;0;0;0;0;91;46;26;12;66;72;56;207;73892;10889;147;98.1;2.6;3.1;31.5;31.0;1248;1252;49.9;2.7;931;920;50.3;3.1
150;0;0;66;33;33;40;16;6;9;0;0;0;0;77;47;22;18;68;75;57;287;69345;11042;82;100.8;3.8;1.7;45.8;23.0;1685;823;67.2;2.7;1231;602;67.2;3.5
153;4;4;66;11;16;-61;2;4;2;0;0;0;0;3;38;29;38;60;58;58;120;82505;7049;2135;101.3;1.5;4.1;17.1;53.6;739;2331;24.1;-1.6;535;1700;23.9;-1.8
157;1;1;66;30;40;26;14;6;11;0;0;0;0;58;52;23;43;67;77;55;263;69338;10154;294;100.3;3.7;2.4;41.1;27.2;1487;1018;59.4;-3.9;1105;763;59.2;-3.7
163;10;10;66;20;38;16;12;7;16;1;0;0;0;99;45;26;67;68;67;63;189;76148;8027;698;101.8;3.0;2.1;33.1;28.2;1330;1139;53.9;5.3;990;820;54.7;6.7
170;10;10;66;6;18;7;12;0;0;0;0;0;0;116;12;8;46;55;53;54;86;68778;61;3268;100.7;2.9;2.5;33.3;31.7;1192;1118;51.6;1.8;889;846;51.2;1.5
175;18;18;66;16;38;-2;22;7;14;0;0;0;0;160;47;24;74;67;74;58;209;73461;10211;5125;99.9;2.9;2.8;34.9;34.0;1359;1265;51.8;5.1;990;913;52.0;5.3
178;18;18;66;15;30;-14;16;7;7;0;0;0;0;120;40;39;125;73;65;78;209;77886;11093;5400;99.3;2.9;3.3;33.4;36.1;1357;1405;49.1;1.1;999;1055;48.6;0.2
179;18;18;66;24;29;-5;4;6;7;0;0;0;0;108;36;33;82;67;74;56;226;73500;10248;5423;99.5;2.9;3.0;35.0;34.0;1363;1263;51.9;5.2;993;913;52.1;5.4
184;1;1;66;21;31;31;16;0;0;0;0;0;0;112;37;17;51;68;71;59;174;70687;112;1873;100.8;3.9;2.3;40.6;26.3;1506;1001;60.1;-2.9;1118;745;60.0;-2.5
185;5;5;66;18;49;25;22;5;14;0;1;0;0;66;42;23;59;71;72;65;194;72089;8294;6026;101.3;3.6;2.4;39.6;30.5;1509;1159;56.6;3.7;1131;861;56.8;3.5
191;4;4;66;15;16;-56;20;2;1;0;0;0;0;42;37;37;134;58;57;56;112;78414;3164;3864;99.9;1.5;4.0;19.2;50.5;750;2076;26.5;2.4;568;1537;27.0;3.2
219;0;0;66;40;28;22;14;4;6;1;0;0;0;132;37;20;8;68;77;54;244;73434;3322;2841;99.5;3.5;2.5;44.2;29.3;1643;1083;60.3;-7.7;1232;828;59.8;-7.6
226;13;13;66;16;24;-23;26;1;4;0;0;0;0;59;41;11;6;57;65;48;176;82052;3046;103;98.5;2.8;3.7;32.9;37.6;1413;1661;46.0;-3.2;1071;1216;46.8;-2.5
227;1;1;66;16;31;46;12;2;4;0;0;0;0;48;49;26;51;67;71;60;210;73900;3064;130;102.4;4.0;1.7;43.7;25.0;1692;987;63.2;1.7;1235;721;63.1;2.2
228;11;11;63;13;17;-62;24;2;2;0;0;0;0;36;30;18;26;54;56;50;101;69580;4938;3075;98.6;1.7;4.8;19.8;49.4;731;1736;29.6;2.6;539;1278;29.7;2.3
236;21;21;66;9;29;1;6;2;9;0;0;0;0;107;55;40;99;65;58;69;146;73597;11322;2701;101.2;2.6;2.5;31.1;34.8;1206;1405;46.2;-3.0;897;1030;46.5;-2.6
237;8;8;66;27;31;-8;16;7;8;0;1;0;0;106;46;32;71;65;69;58;200;73314;8240;4517;98.6;2.7;3.0;36.0;34.1;1403;1278;52.3;0.7;1022;972;51.3;0.4
249;21;21;66;17;23;-19;30;2;4;0;0;0;0;64;48;38;88;66;68;60;173;75186;3250;2505;98.0;2.5;3.2;32.0;32.8;1266;1331;48.7;0.9;950;986;49.1;1.3
255;7;7;66;14;18;34;36;0;0;2;0;0;0;126;40;18;19;58;61;51;130;69371;20;1967;102.4;3.4;1.8;39.2;28.5;1507;1011;59.8;1.8;1115;735;60.3;1.6
260;14;14;69;12;15;-69;12;2;4;0;0;0;0;94;30;12;82;56;60;52;144;80153;3708;931;96.8;1.4;4.4;22.7;47.6;941;1988;32.1;-2.7;689;1482;31.7;-3.6
271;8;8;66;15;28;12;17;4;5;0;0;1;1;124;38;24;108;69;63;72;201;74269;8375;2799;99.3;3.3;2.8;38.8;29.6;1539;1128;57.7;8.9;1122;851;56.9;8.9
279;8;8;66;8;31;-5;23;2;2;0;0;1;0;93;38;16;15;57;66;46;138;71416;2132;1406;98.9;2.7;3.0;35.6;34.1;1372;1260;52.1;0.4;992;962;50.8;-0.4
284;8;8;66;19;39;6;22;0;5;0;0;0;0;115;41;24;70;72;72;68;210;79197;8502;509;99.5;3.3;3.0;37.7;32.1;1603;1278;55.6;6.0;1149;967;54.3;5.2
285;8;8;66;18;43;-6;14;3;14;0;0;0;0;123;55;23;38;69;71;64;229;74367;8333;4826;98.7;2.9;3.1;37.4;34.7;1450;1289;52.9;1.7;1063;1000;51.5;0.8
291;8;8;66;18;15;-8;12;1;0;0;1;0;0;79;31;12;8;57;62;49;132;67733;63;3348;99.3;2.6;3.0;30.8;33.6;1097;1219;47.4;-6.3;792;872;47.6;-4.8
299;0;0;66;11;31;36;38;0;0;0;0;0;0;44;25;15;26;58;67;48;149;69544;40;1822;98.1;4.2;2.4;50.8;23.2;1854;832;69.0;5.6;1353;635;68.1;5.0
301;9;9;66;14;18;-1;29;1;0;1;0;1;1;121;24;25;127;63;59;66;148;71951;2125;4822;100.4;3.1;3.2;34.2;36.9;1282;1337;48.9;-0.7;947;993;48.8;-1.1
304;5;5;66;7;25;17;36;0;1;0;0;0;0;103;30;29;145;62;53;70;139;74404;2251;6507;100.6;3.8;3.0;36.4;30.4;1350;1218;52.6;-2.3;1012;895;53.1;-2.1
308;13;13;66;11;26;-16;10;0;0;0;3;0;0;143;67;47;169;66;58;71;158;84444;2324;5878;98.9;2.8;3.5;34.0;38.3;1489;1697;46.7;-2.0;1106;1258;46.8;-2.6
310;9;9;66;18;46;8;18;8;16;0;0;0;0;96;42;14;42;69;69;64;188;66215;10526;2866;100.7;3.1;2.7;37.5;35.3;1265;1242;50.5;1.6;945;897;51.3;2.6
323;9;9;66;28;30;7;28;8;10;0;1;0;0;50;31;19;100;62;69;55;222;66735;10506;3873;100.3;3.2;2.9;37.5;34.8;1280;1232;51.0;2.4;961;896;51.8;3.3
326;20;20;66;12;32;-10;26;3;9;0;0;2;1;76;40;20;30;58;65;47;180;73788;7368;125;99.8;2.6;3.1;31.0;36.2;1183;1430;45.3;5.7;876;1059;45.3;6.1
337;10;10;66;7;18;0;14;1;1;0;1;0;0;97;21;24;157;65;55;74;105;78754;1818;5715;100.0;2.6;2.6;30.1;30.5;1292;1232;51.2;1.3;931;898;50.9;1.0
355;7;7;66;5;39;28;24;0;5;0;1;0;0;65;32;31;25;70;68;68;149;67901;10805;2833;102.2;3.4;1.9;38.7;29.1;1459;997;59.4;1.1;1077;723;59.8;1.0
356;10;10;66;7;22;-3;14;2;6;0;0;0;0;34;32;39;116;62;58;66;175;77746;6691;3040;100.6;2.7;2.7;29.9;32.2;1256;1261;49.9;-0.7;903;926;49.4;-1.3
365;6;6;66;21;29;19;40;2;1;0;0;0;0;102;39;16;35;60;66;50;145;65807;2387;2866;101.4;3.9;2.8;36.9;31.2;1329;1024;56.5;2.8;971;768;55.8;2.4
369;14;14;69;2;6;-45;26;0;0;0;0;0;0;151;33;34;295;58;50;64;52;77726;649;8093;99.1;1.6;3.8;22.1;45.9;870;1864;31.8;-3.1;646;1374;32.0;-3.1
370;1;1;66;14;28;14;10;1;2;1;0;0;0;115;37;22;66;64;70;55;174;72008;3064;4271;97.6;3.3;2.6;45.1;26.5;1676;980;63.1;1.6;1223;736;62.4;1.1
373;3;3;66;12;37;20;18;4;9;0;0;0;0;133;20;29;126;69;64;72;213;74453;10371;5869;100.3;3.9;2.8;38.1;27.8;1440;1095;56.8;7.6;1078;819;56.8;6.7
380;11;11;66;16;13;-59;14;4;3;0;0;0;0;22;34;13;39;56;58;54;135;74564;6181;2637;100.0;1.8;4.6;19.5;49.1;759;1832;29.3;4.7;571;1364;29.5;4.7
382;3;3;66;15;23;-13;22;1;2;0;1;0;0;122;41;30;120;61;66;56;162;72870;2925;1763;98.4;2.2;2.8;30.0;32.0;1158;1289;47.3;-6.7;874;929;48.5;-5.9
384;11;11;66;12;18;-64;28;1;2;1;0;0;0;17;30;39;152;59;61;55;94;76775;1457;7416;99.5;1.8;4.7;19.7;49.1;780;1870;29.4;5.0;586;1402;29.5;4.8
395;13;13;66;19;35;-10;16;9;12;0;0;0;0;52;49;28;69;68;74;59;251;75739;9383;1050;98.4;2.2;2.6;35.6;33.6;1426;1356;51.3;5.1;1057;998;51.4;4.7
406;18;18;66;7;15;-21;14;0;0;0;1;0;0;95;51;34;96;59;55;60;108;65547;154;3647;97.6;2.5;3.7;32.0;36.4;1092;1210;47.4;-1.5;805;885;47.6;-1.2
408;6;6;66;14;27;17;10;0;0;0;0;0;0;89;27;46;57;58;65;50;171;78081;2066;218;100.8;3.1;2.3;39.1;32.0;1622;1283;55.8;2.1;1175;957;55.1;1.5
415;8;8;66;16;23;-8;18;0;4;1;0;0;0;131;43;35;93;59;57;56;136;67847;2109;3187;99.7;2.5;3.0;30.1;34.6;1081;1249;46.4;-7.7;776;905;46.2;-6.8
433;18;18;66;8;14;-4;28;0;4;0;0;1;1;118;38;31;146;61;54;65;136;73479;3422;5115;99.5;2.4;2.6;34.4;34.8;1315;1355;49.3;1.2;982;991;49.8;2.0
435;1;1;66;8;26;39;12;0;0;0;0;0;0;90;40;54;89;65;54;74;188;75364;2493;4626;99.7;4.2;2.3;45.8;24.6;1777;970;64.7;4.1;1311;723;64.5;4.3
437;7;7;66;19;36;42;18;4;12;0;0;0;0;93;24;34;146;68;66;69;249;71663;10865;3560;102.6;4.0;1.9;43.4;28.4;1624;1069;60.3;2.5;1200;784;60.5;2.0
438;20;20;66;10;10;-20;20;0;0;0;0;0;0;29;38;15;180;55;50;60;78;72341;70;5647;99.7;2.4;3.4;29.2;39.9;1056;1537;40.7;-1.2;780;1126;40.9;-0.5
442;13;13;66;17;27;-15;18;3;1;0;1;0;0;46;25;19;92;60;62;55;148;60485;3246;1355;98.9;3.0;3.9;32.9;38.1;1015;1184;46.2;-2.4;769;889;46.4;-2.8
452;21;21;66;24;34;16;10;6;9;0;0;0;0;61;47;16;63;68;75;57;230;73965;10890;844;103.0;3.1;2.2;33.4;36.2;1285;1395;47.9;-0.3;945;1035;47.7;-0.8
456;7;7;66;32;39;12;16;11;10;0;0;0;0;46;46;25;21;68;79;53;286;72290;11120;429;99.0;3.5;2.8;41.8;30.2;1617;1097;59.6;1.4;1200;821;59.4;0.3
457;2;2;66;39;45;45;24;7;16;0;0;0;0;75;41;12;4;68;80;53;304;69886;11857;175;101.8;4.0;1.6;47.9;25.3;1777;877;67.0;-1.0;1300;688;65.4;-2.3
470;14;14;66;11;25;-40;29;6;6;0;1;1;0;192;64;50;279;69;57;78;127;83745;8600;4010;100.5;2.5;4.1;25.6;44.0;1082;1921;36.0;0.6;794;1411;36.0;0.2
475;10;10;66;20;28;-10;18;1;2;1;0;0;0;44;36;19;37;61;69;53;191;73310;2448;2645;98.5;2.7;3.2;32.6;32.6;1259;1209;51.0;1.0;931;888;51.2;1.4
481;3;3;66;20;22;11;12;0;1;0;0;0;0;148;39;33;22;59;63;52;172;71886;2824;5709;99.9;3.7;3.1;36.4;30.6;1352;1172;53.6;2.7;1005;861;53.9;2.2
483;20;20;66;18;14;-43;12;0;0;0;0;0;0;156;44;19;80;54;57;47;101;71305;5;2543;99.1;1.9;4.0;22.2;43.6;852;1659;33.9;-11.2;634;1217;34.3;-10.3
490;13;13;66;21;30;-19;30;1;1;2;0;0;0;62;40;31;95;65;73;53;201;83574;3229;5595;98.6;2.8;3.7;33.4;37.4;1456;1685;46.4;-2.6;1093;1239;46.9;-2.5
492;13;13;66;11;12;-4;4;0;0;0;0;0;0;58;23;11;31;53;56;48;88;58164;189;100;99.8;3.1;3.3;34.7;36.6;1000;1119;47.2;-1.0;768;830;48.1;-0.4
500;15;15;66;11;30;29;24;0;7;3;0;0;0;110;26;28;81;66;55;75;192;72840;2637;8498;98.5;3.5;2.3;42.8;24.2;1638;885;64.9;4.4;1210;659;64.7;4.6
501;15;15;66;8;28;26;16;1;4;0;2;0;0;61;49;27;48;63;59;65;128;71245;2624;8370;98.7;3.2;2.2;39.9;23.5;1564;905;63.3;2.0;1122;680;62.3;0.8
507;14;14;66;9;10;-9;8;0;0;0;0;0;0;26;27;22;121;60;51;68;87;59661;85;3951;101.9;2.5;3.1;28.1;43.3;803;1362;37.1;2.0;609;1011;37.6;2.4
509;15;15;66;22;28;25;8;0;0;0;0;0;0;29;47;19;29;62;69;53;180;67247;65;331;99.2;4.4;3.1;44.0;28.2;1534;936;62.1;0.1;1123;709;61.3;-0.6
510;15;15;66;28;35;17;99;5;5;0;0;1;1;214;39;21;45;68;74;57;219;68362;3390;2416;98.4;3.9;3.0;43.6;28.4;1547;970;61.5;-0.9;1128;731;60.7;-1.6
513;9;9;66;8;26;-9;20;3;9;0;1;0;0;98;39;39;110;61;58;63;200;69156;11256;3298;99.4;3.0;3.5;33.2;36.3;1192;1289;48.0;-2.0;876;939;48.3;-1.9
534;2;2;66;8;22;35;10;0;0;0;0;0;0;35;39;27;78;62;51;72;144;71052;318;2028;98.5;4.0;2.2;50.1;23.2;1801;854;67.8;0.3;1360;642;67.9;1.5
536;0;0;66;7;31;40;12;0;3;0;1;0;0;99;40;29;81;63;54;71;202;76152;2989;3350;100.1;3.8;2.0;47.3;25.2;1897;982;65.9;0.9;1379;744;65.0;0.3
538;14;14;66;15;23;-37;18;0;1;0;1;0;0;94;18;38;126;58;59;55;142;84445;1950;3147;100.5;2.5;4.1;25.7;44.7;1087;1959;35.7;0.0;799;1447;35.6;-0.5
539;3;3;66;11;20;-4;21;0;0;1;0;1;0;78;45;18;86;61;54;65;130;70781;262;4321;98.8;2.6;2.9;33.6;32.4;1224;1199;50.5;-1.9;921;880;51.1;-1.9
540;9;9;66;5;22;14;64;0;0;0;0;0;0;155;38;24;146;66;48;81;92;68279;182;8019;101.4;3.4;2.6;34.9;31.4;1202;1148;51.1;2.6;900;847;51.5;2.9
543;12;12;66;18;50;22;24;6;10;0;3;0;0;122;32;42;42;79;76;75;227;75050;7777;6459;102.2;3.2;2.2;36.6;33.3;1389;1229;53.1;9.0;1033;915;53.0;8.1
545;0;0;66;20;48;40;10;3;6;0;1;0;0;96;67;32;39;75;77;66;267;71970;3432;5413;98.5;4.2;2.3;50.6;23.1;1909;847;69.3;6.0;1394;653;68.1;5.1
547;8;8;66;36;35;13;15;9;10;0;0;1;0;136;51;34;11;67;76;54;260;77742;8265;143;100.5;3.3;2.7;37.7;32.0;1571;1255;55.6;5.8;1124;944;54.4;5.2
549;6;6;66;31;25;19;22;5;8;0;0;0;0;121;49;24;70;68;78;54;237;77058;6516;394;100.9;3.3;2.3;39.7;31.8;1609;1262;56.0;2.4;1174;936;55.6;2.3
554;15;15;66;35;36;33;26;8;12;0;3;0;0;85;45;33;54;69;78;57;270;72250;10360;4132;99.6;3.7;2.2;43.9;25.0;1670;933;64.2;3.3;1232;694;64.0;3.5
558;8;8;66;8;26;11;32;0;0;0;0;0;0;73;38;21;76;59;64;52;156;77056;2043;1354;100.5;3.3;2.8;36.3;32.2;1540;1284;54.5;4.2;1096;951;53.5;3.9
568;0;0;66;18;46;46;19;6;10;0;1;1;0;57;35;28;76;71;67;73;277;75565;11717;5472;97.5;4.3;2.2;52.2;20.8;2031;800;71.7;10.0;1520;599;71.7;10.9
569;5;5;66;24;31;38;12;3;8;0;0;0;0;155;27;32;96;70;65;72;278;78030;8191;6449;100.9;3.8;2.1;42.9;25.7;1773;1078;62.2;12.6;1317;804;62.1;11.9
578;19;19;66;15;19;-10;2;0;0;0;0;0;0;81;35;15;53;58;61;52;137;56333;80;2698;100.3;2.7;3.4;30.0;38.9;854;1106;43.6;-8.1;621;840;42.5;-9.8
581;6;6;66;10;35;12;20;0;1;0;0;0;0;98;34;44;72;69;71;62;182;80619;2375;5289;100.1;3.0;2.5;38.7;32.1;1649;1320;55.5;1.7;1200;987;54.9;1.2
582;14;14;66;13;16;-14;8;4;1;0;0;0;0;45;34;13;97;57;60;56;105;61012;2686;744;102.0;2.4;3.2;26.3;45.0;774;1444;34.9;-1.1;573;1058;35.1;-1.0
583;1;1;66;29;53;11;39;7;16;0;0;0;0;120;45;23;12;73;81;60;306;71339;10364;2214;97.2;3.4;2.8;44.5;27.1;1651;972;62.9;1.4;1196;737;61.9;0.3
590;9;9;66;20;21;-4;32;2;1;0;0;0;0;214;54;17;40;65;67;57;138;70560;2760;7906;99.6;3.1;3.3;33.9;34.5;1273;1236;50.7;2.0;941;919;50.6;1.6
605;19;19;66;6;30;11;82;0;0;0;0;2;0;294;35;38;206;60;55;63;155;82737;2644;5197;100.6;3.7;3.2;34.5;31.9;1478;1416;51.1;2.4;1085;1031;51.3;2.4
610;9;9;66;13;20;-9;8;0;0;0;0;0;0;99;32;26;51;57;59;50;99;70531;162;891;99.8;2.8;3.2;29.8;33.5;1092;1244;46.7;-3.9;799;921;46.5;-4.5
613;21;21;66;18;19;5;8;0;0;0;0;0;0;34;46;20;56;60;63;54;152;62948;23;2785;101.8;3.1;2.9;30.8;34.0;1013;1146;46.9;-1.8;748;838;47.2;-1.5
617;21;21;66;7;10;3;8;0;0;0;0;0;0;61;23;30;114;58;54;60;102;63243;11;6980;100.2;3.2;3.1;33.8;32.5;1123;1068;51.3;4.4;835;792;51.3;4.4
625;6;6;66;22;27;-2;2;4;8;0;0;0;0;63;27;14;82;58;63;52;152;74329;6453;0;99.1;2.9;2.9;37.8;34.4;1394;1297;51.8;-4.1;1065;981;52.1;-3.2
631;5;5;66;7;11;-5;26;0;0;1;0;0;0;98;18;17;68;52;51;52;136;65757;78;1310;99.7;2.2;2.5;33.6;37.1;1159;1316;46.8;-10.7;859;950;47.5;-10.2
645;11;11;66;15;9;-75;30;0;0;0;0;0;0;44;35;30;121;57;60;51;109;73950;650;5252;98.1;1.5;5.1;18.3;51.6;713;1948;26.8;0.9;533;1439;27.0;0.9
646;6;6;66;24;33;-1;6;6;9;0;0;0;0;116;45;23;25;68;68;62;215;77285;6534;2299;99.3;2.8;2.8;37.7;34.5;1437;1346;51.6;-4.4;1103;1020;52.0;-3.4
648;19;19;66;20;50;7;4;4;15;0;0;0;0;78;43;24;24;62;72;50;258;79263;8883;118;99.9;3.3;2.9;35.5;30.6;1427;1307;52.2;4.1;1069;946;53.1;5.1
664;20;20;66;6;24;-19;20;2;6;0;2;0;0;105;35;41;176;65;65;63;157;73824;7647;2756;99.4;2.2;3.3;29.4;39.7;1083;1552;41.1;-0.6;800;1139;41.3;0.0
669;20;20;66;5;20;-29;26;2;7;0;0;0;0;190;47;40;162;64;58;67;152;77695;7740;5450;98.2;1.9;3.2;28.3;37.7;1157;1547;42.8;2.0;852;1147;42.6;2.1
681;5;5;66;20;24;-5;31;1;1;0;0;1;0;131;43;16;100;65;65;61;157;76318;529;3710;98.1;2.6;2.9;35.5;30.9;1378;1256;52.3;-2.7;1033;919;52.9;-2.4
687;19;19;66;41;38;-11;30;8;6;0;0;0;0;108;60;14;91;67;76;54;272;79270;8691;266;98.1;3.3;3.7;34.4;32.2;1443;1376;51.2;2.6;1064;997;51.6;2.9
692;7;7;66;35;50;29;29;10;13;0;2;1;1;127;44;19;98;77;83;65;267;70444;10850;5352;102.2;3.4;1.9;38.3;28.8;1493;1022;59.4;1.1;1101;747;59.6;0.6
700;21;21;66;10;24;4;35;2;1;0;0;1;0;242;37;23;42;62;66;53;142;75609;3269;6130;101.7;2.8;2.4;32.7;35.4;1290;1404;47.9;-0.4;942;1039;47.6;-1.1
702;15;15;66;18;36;29;12;5;17;0;0;0;0;26;51;29;99;67;65;68;232;69919;11209;4700;101.6;4.0;2.5;40.4;30.1;1478;1076;57.9;-6.3;1099;792;58.1;-5.5
703;1;1;66;10;22;31;10;0;1;0;0;0;0;99;20;51;85;66;61;70;164;77413;2912;3188;100.2;3.4;1.9;42.8;24.8;1756;1004;63.6;2.5;1282;743;63.3;2.5
718;5;5;66;30;45;21;23;9;12;0;0;1;0;65;30;12;42;65;77;51;232;71168;8321;1641;100.6;3.6;2.6;40.3;30.4;1508;1139;57.0;4.3;1131;845;57.2;4.1
731;2;2;66;6;23;56;34;0;0;0;0;0;0;112;14;29;64;71;58;75;145;69788;76;1811;102.2;4.4;1.5;47.1;21.5;1828;769;70.4;4.1;1288;578;69.0;3.1
736;12;12;66;8;21;12;29;0;4;0;3;1;0;142;21;44;153;73;58;85;156;79563;8108;7069;100.5;3.0;2.5;36.1;32.8;1413;1301;52.1;7.6;1069;963;52.6;7.7
742;6;6;66;5;17;7;16;0;0;0;0;0;0;51;22;17;51;56;57;53;132;64532;36;5552;101.0;3.0;2.6;37.4;37.0;1276;1164;52.3;-3.2;926;890;51.0;-4.5
746;4;4;66;3;8;-58;10;0;0;0;0;0;0;26;31;28;235;59;49;69;43;67332;88;9058;100.4;1.6;4.7;16.3;49.8;587;1780;24.8;-0.3;416;1268;24.7;-0.4
750;20;20;66;30;30;-13;12;9;8;1;0;0;0;89;42;34;102;77;75;73;230;75258;7412;5852;99.4;2.6;3.3;30.5;35.8;1201;1440;45.5;6.1;879;1065;45.2;6.0
751;10;10;66;7;9;-18;12;1;0;0;0;0;0;138;17;21;128;55;52;58;64;71737;63;5541;97.6;2.3;3.3;30.2;33.1;1147;1242;48.0;-3.5;852;922;48.0;-3.3
768;1;1;66;37;36;46;12;7;7;0;0;0;0;109;39;26;41;68;77;56;242;74185;10354;1734;102.2;4.0;1.8;43.5;25.3;1697;998;63.0;1.5;1238;731;62.9;1.8
782;10;10;66;5;15;-24;22;0;0;0;0;0;0;36;33;14;65;57;63;52;119;67036;0;192;97.3;1.9;3.2;27.7;33.2;999;1158;46.3;-5.8;727;885;45.1;-7.4
786;3;3;66;18;51;2;16;7;12;0;0;0;0;60;39;19;105;73;73;68;195;71826;10258;1277;99.6;3.7;3.4;36.2;31.9;1329;1196;52.6;1.3;995;887;52.9;0.7
787;4;4;66;3;3;-57;16;0;0;0;0;0;0;42;22;10;29;48;50;46;33;66203;93;3959;100.8;1.6;4.7;15.8;49.5;572;1743;24.7;-0.4;404;1237;24.6;-0.5
789;4;4;66;3;3;-58;10;0;1;0;0;0;0;49;26;22;142;62;56;65;73;68131;2891;3074;98.7;1.2;4.2;18.0;52.5;623;1834;25.4;0.5;476;1386;25.6;0.9
794;0;0;66;30;33;38;18;3;4;0;1;0;0;105;33;22;54;69;76;58;273;69929;11399;3014;99.4;4.3;2.4;49.3;25.5;1785;879;67.0;2.5;1319;679;66.0;1.9
801;2;2;66;30;57;49;10;7;16;0;0;0;0;122;32;16;32;78;83;65;304;71284;11794;972;99.9;4.8;2.3;47.1;22.7;1835;796;69.7;3.1;1330;607;68.7;2.6
806;18;18;66;16;22;-17;33;4;9;0;0;1;1;106;44;37;92;64;58;64;185;76655;10962;2679;99.1;2.8;3.4;33.2;36.4;1325;1411;48.4;-0.0;973;1054;48.0;-0.8
812;13;13;66;14;22;-23;12;0;0;0;0;0;0;80;34;10;88;56;62;48;134;81290;2067;0;98.2;2.7;3.7;33.8;37.6;1434;1645;46.6;-2.2;1083;1209;47.3;-1.8
841;6;6;66;17;28;22;36;3;9;0;0;0;0;93;39;48;203;68;62;72;233;82908;6674;5007;99.8;3.5;2.6;40.3;28.6;1703;1268;57.3;4.5;1296;923;58.4;6.8
872;15;15;66;18;33;26;12;4;5;1;1;0;0;60;36;38;92;62;61;59;156;68625;3595;7516;100.8;3.3;2.0;36.4;24.6;1392;905;60.6;-2.1;1008;662;60.4;-2.0
883;13;13;66;8;19;1;22;0;1;0;1;0;0;96;51;30;107;57;56;55;135;84022;235;2738;99.3;3.0;3.0;35.0;32.4;1553;1458;51.6;5.9;1174;1084;52.0;5.8
917;20;20;66;14;26;-14;10;1;1;1;1;0;0;74;44;45;63;71;67;67;177;74144;2430;2224;99.0;2.1;2.8;31.3;36.9;1170;1421;45.2;5.5;855;1075;44.3;4.6
920;6;6;66;12;32;17;20;0;0;0;0;0;0;94;36;16;60;59;64;51;119;64292;33;4964;101.0;3.6;2.7;36.8;30.2;1292;981;56.8;3.3;944;736;56.2;2.9
922;2;2;66;42;41;57;19;5;4;0;0;1;1;114;41;24;14;69;78;55;260;72445;3466;2155;100.9;4.8;1.9;49.7;22.4;1810;885;67.2;-0.7;1376;653;67.8;1.4
928;13;13;66;15;41;-1;49;7;12;0;0;1;1;129;38;31;151;77;74;77;228;82675;10084;2470;98.8;3.0;3.0;35.7;31.8;1543;1411;52.2;6.8;1165;1049;52.6;6.7
933;1;1;66;13;22;25;22;2;6;0;0;0;0;117;44;33;138;67;62;71;203;68176;10876;2985;100.9;3.3;2.0;40.8;26.9;1461;1025;58.8;-4.8;1071;740;59.1;-3.7
934;3;3;66;35;23;4;14;7;6;0;0;0;0;145;38;31;118;72;77;62;238;71199;10165;4059;98.7;3.3;2.9;37.9;29.4;1348;1111;54.8;4.5;1011;819;55.2;4.2
947;10;10;66;42;30;16;10;12;9;0;1;0;0;25;41;33;77;70;78;57;249;76972;8076;1956;101.9;3.0;2.1;33.2;28.9;1348;1176;53.4;4.7;1001;854;54.0;5.7
959;4;4;66;3;11;-57;10;0;5;0;0;0;0;62;23;7;35;48;47;48;64;66503;2891;3643;98.9;1.2;4.3;17.7;52.3;599;1800;25.0;-0.1;459;1356;25.3;0.4
962;12;12;66;40;32;25;24;7;6;2;1;0;0;94;42;18;87;72;78;60;239;73957;7777;6030;102.8;3.3;2.1;36.2;33.9;1358;1233;52.4;7.9;1012;921;52.4;7.1
965;5;5;66;12;41;29;42;4;10;0;1;0;0;62;33;14;52;74;76;70;239;77180;8186;3790;99.9;3.6;2.2;42.5;26.3;1754;1074;62.0;12.3;1302;797;62.0;11.8
968;2;2;66;12;33;50;10;2;1;0;0;0;0;88;46;40;132;61;56;62;220;73249;2993;2776;99.8;4.5;2.0;51.2;22.5;1880;892;67.8;0.3;1438;660;68.5;2.5
970;4;4;66;6;30;-56;18;0;3;0;0;0;0;32;20;26;147;60;60;57;95;77637;3022;737;99.6;1.4;4.0;18.8;49.7;743;2025;26.8;2.9;556;1501;27.0;3.2
971;19;19;66;27;43;6;20;6;10;0;0;0;0;72;35;40;101;73;75;66;232;80937;8958;2964;99.7;3.2;2.9;35.7;30.6;1458;1337;52.2;4.1;1093;968;53.0;5.2
980;5;5;66;23;23;19;10;0;1;0;0;0;0;71;46;14;63;58;65;49;180;69192;2118;574;101.2;3.4;2.4;38.3;31.3;1378;1190;53.7;-0.7;1006;863;53.8;-1.0
981;12;12;66;4;16;5;27;0;0;0;0;1;0;104;29;25;117;57;49;63;101;72742;30;4907;100.7;2.9;2.7;33.2;34.1;1204;1311;47.9;0.9;919;955;49.0;1.9
997;2;2;66;16;23;42;12;0;0;0;0;0;0;75;38;13;6;53;57;47;180;71094;134;1938;99.5;4.2;2.1;48.2;22.5;1751;834;67.7;0.1;1320;627;67.8;1.3
1016;4;4;66;10;16;-53;15;3;3;0;0;1;0;43;50;33;218;66;64;66;149;80300;7266;961;100.1;1.4;3.7;19.3;51.0;781;2135;26.8;2.9;584;1569;27.1;3.5
1018;9;9;66;22;20;-6;40;0;2;0;0;0;0;102;32;24;91;64;68;56;180;72091;2855;3185;99.4;3.2;3.5;33.8;34.6;1285;1248;50.7;2.0;955;931;50.6;1.7
1038;2;2;66;14;34;50;12;0;3;1;0;0;0;64;28;20;71;61;55;67;172;72229;2783;4957;101.8;4.7;2.2;46.1;27.0;1738;953;64.6;-4.6;1290;748;63.3;-5.5
1041;11;11;66;6;10;-71;20;0;0;0;0;0;0;36;30;24;37;47;50;43;56;74018;133;8694;99.7;1.5;4.9;15.8;51.5;611;1951;23.8;-3.6;455;1431;24.1;-3.5
1045;2;2;66;24;40;59;10;3;1;0;0;0;0;114;34;14;3;62;68;53;219;69980;3305;1993;101.1;5.3;2.3;48.2;22.8;1831;828;68.9;1.8;1323;620;68.1;1.8
1049;15;15;66;25;43;29;14;10;9;0;2;0;0;125;33;37;47;73;76;64;240;71953;10348;7481;99.4;3.6;2.2;43.5;25.0;1660;926;64.2;3.3;1225;687;64.1;3.6
1079;7;7;66;15;31;41;9;0;0;0;1;0;0;54;32;17;172;63;64;60;180;69621;106;1938;101.9;4.4;2.4;43.0;28.6;1530;1041;59.5;1.3;1176;753;61.0;2.7
1087;7;7;66;12;15;15;15;0;0;1;1;1;0;147;27;24;144;62;53;70;152;71843;216;5944;100.6;3.3;2.6;36.7;31.5;1446;1152;55.7;-4.4;1062;849;55.6;-5.3
1113;3;3;66;8;31;21;16;0;2;0;1;0;0;80;46;20;107;59;55;59;162;75876;2761;3796;100.3;3.8;2.8;37.4;28.6;1455;1141;56.0;6.6;1084;858;55.8;5.3
1118;15;15;66;3;26;29;86;0;0;0;0;0;0;255;35;20;66;65;56;61;111;69435;329;3519;101.6;4.1;2.6;40.1;30.2;1479;1071;58.0;-6.1;1096;792;58.1;-5.6
1130;0;0;66;12;26;50;29;0;0;0;1;1;0;94;25;33;112;62;56;67;230;77398;43;5328;98.9;4.3;2.0;52.3;21.5;2087;825;71.7;10.0;1553;619;71.5;10.7
1133;15;15;66;8;33;23;14;1;11;0;0;0;0;64;42;26;88;70;71;65;204;70152;11224;2897;99.0;3.4;2.3;40.1;23.7;1551;891;63.5;2.2;1114;668;62.5;1.2
1144;5;5;66;16;32;-6;26;5;4;0;0;0;0;45;30;17;42;61;70;51;178;75546;3770;559;98.0;2.7;3.0;36.1;31.3;1375;1248;52.4;-2.6;1040;918;53.1;-2.1
1147;11;11;66;5;11;-66;26;1;2;0;0;0;0;135;37;47;236;63;52;71;75;76420;6411;4098;99.0;1.2;4.2;16.2;51.0;657;1981;24.9;-2.0;496;1466;25.3;-1.8
1148;21;21;66;19;29;15;26;3;6;0;0;0;0;52;31;42;69;70;71;64;184;72569;10924;2771;102.7;3.0;2.2;32.8;34.3;1256;1324;48.7;0.8;910;975;48.3;0.0
1151;13;13;66;11;20;-4;10;0;0;0;0;0;0;88;40;17;19;55;56;50;118;59001;141;4569;99.4;3.0;3.5;34.2;37.2;1011;1131;47.2;-1.0;773;850;47.6;-1.0
1156;3;3;66;7;21;-7;15;0;0;0;0;1;1;70;26;20;54;55;52;56;123;68662;109;6119;98.8;2.6;2.9;32.7;32.5;1133;1255;47.4;-6.4;857;897;48.9;-5.2
1167;20;20;66;3;17;-26;10;0;0;0;0;0;0;86;31;14;69;50;54;44;83;71073;26;5635;99.7;2.2;3.5;25.4;39.8;1010;1459;40.9;-0.9;704;1101;39.0;-3.3
1170;0;0;66;21;57;47;10;1;15;0;0;0;0;31;30;29;15;71;82;57;292;68901;11135;1889;101.2;4.0;1.6;48.8;22.3;1718;809;68.0;3.9;1271;580;68.7;5.7
1172;15;15;66;23;47;20;24;8;9;0;1;0;0;81;50;30;54;70;78;57;252;71682;10127;2105;98.9;3.2;2.2;41.9;25.5;1622;948;63.1;1.7;1186;700;62.9;1.8
1173;21;21;66;6;21;5;8;0;0;0;0;0;0;96;21;27;105;60;52;67;115;65662;165;4338;100.6;3.3;3.0;33.3;32.6;1153;1110;51.0;4.0;855;833;50.7;3.5
1190;7;7;66;21;40;26;10;0;3;0;2;0;0;140;48;30;58;69;72;59;198;74902;3373;2125;100.3;3.7;2.6;41.8;30.5;1659;1140;59.3;1.0;1235;856;59.1;-0.1
1194;7;7;66;26;49;42;10;5;13;1;0;0;0;123;34;37;35;74;77;64;261;72348;11120;5729;102.7;4.3;2.1;42.3;28.7;1506;1135;57.0;-2.4;1157;823;58.4;-1.1
1196;2;2;66;19;28;44;10;0;0;0;1;0;0;99;42;15;25;65;74;54;195;71446;105;4668;99.7;4.2;2.1;48.1;22.7;1761;841;67.7;0.1;1328;628;67.9;1.5
1201;6;6;66;7;22;4;6;0;2;0;1;0;0;62;26;34;130;66;68;61;188;73979;2211;3840;100.0;3.1;2.9;35.4;33.4;1397;1230;53.2;-2.0;1016;940;51.9;-3.3
1209;20;20;66;7;14;-18;18;0;0;0;0;0;0;90;19;39;117;56;55;55;91;69214;1820;2341;100.2;2.4;3.4;26.9;39.6;986;1438;40.7;-1.2;721;1090;39.8;-2.1
1215;19;19;66;22;31;-8;16;1;0;0;0;0;0;92;46;40;97;64;60;61;162;81153;2772;5498;98.2;3.4;3.8;34.9;32.6;1490;1420;51.2;2.6;1098;1027;51.7;3.1
1223;5;5;66;10;20;8;10;0;0;0;0;0;0;35;29;39;28;56;57;55;139;73440;61;4241;99.2;3.6;3.3;36.5;30.4;1334;1214;52.4;-2.6;996;881;53.1;-2.1
1229;0;0;66;7;24;38;16;0;4;0;0;0;0;96;32;34;131;62;58;63;212;76644;2882;2648;100.0;3.8;2.0;48.5;25.6;1932;987;66.2;1.4;1408;747;65.3;0.9
1239;2;2;66;11;33;45;16;0;0;0;0;0;0;91;31;14;50;60;65;52;183;70906;309;1732;101.8;4.0;1.7;47.5;25.7;1785;900;66.5;-1.7;1301;706;64.8;-3.1
1242;4;4;66;7;14;-46;34;0;3;0;0;0;0;52;34;40;202;67;55;78;96;79795;7440;2728;101.8;1.4;3.4;17.3;52.4;707;2121;25.0;-0.0;519;1576;24.8;-0.3
1246;19;19;66;10;30;14;16;0;0;0;0;0;0;80;38;29;91;60;50;67;123;80993;64;6259;100.8;3.8;3.2;35.1;31.6;1470;1376;51.7;3.3;1082;1004;51.9;3.3
1248;12;12;66;6;23;4;17;0;0;1;2;1;0;139;39;30;123;61;53;65;118;73169;203;4740;100.4;2.8;2.8;33.2;34.1;1210;1312;48.0;1.1;923;960;49.0;1.9
1253;20;20;66;7;15;-23;26;0;1;0;1;0;0;85;39;25;102;57;56;57;109;77132;1861;2613;99.1;2.1;3.2;27.0;37.0;1130;1537;42.4;1.3;818;1135;41.9;1.0
1254;7;7;66;26;31;42;20;2;0;0;0;0;0;72;40;27;53;64;74;51;206;72131;3353;2559;102.6;4.2;2.1;42.4;28.9;1524;1148;57.0;-2.4;1161;829;58.3;-1.2
1258;21;21;66;9;21;-17;26;2;1;0;0;0;0;58;39;26;69;59;63;52;143;73829;3066;6488;98.0;2.5;3.2;32.7;32.6;1262;1294;49.4;1.8;951;959;49.8;2.4
1259;11;11;66;3;13;-78;20;0;1;0;0;0;0;84;33;34;186;61;53;67;81;79473;1756;3748;97.8;1.2;4.7;17.3;51.1;726;2042;26.2;0.0;552;1532;26.5;0.1
1261;3;3;66;24;22;9;8;0;5;0;0;0;0;71;30;8;32;62;69;53;191;69570;10383;26;100.1;3.7;3.1;36.5;30.8;1302;1142;53.3;2.2;972;838;53.7;1.9
1262;11;11;66;6;12;-46;20;2;2;0;0;0;0;64;17;33;167;61;56;66;93;70744;6566;4130;99.7;1.6;3.9;19.8;46.2;757;1680;31.1;7.2;561;1229;31.3;7.3
1264;6;6;66;13;26;-1;2;0;1;0;0;0;0;41;32;16;8;58;67;48;187;75772;2289;1674;99.2;2.8;2.9;37.2;34.2;1416;1322;51.7;-4.2;1076;996;51.9;-3.4
1269;15;15;66;32;26;30;12;7;4;2;0;0;0;48;47;16;44;66;70;58;188;70516;3502;4549;101.2;3.4;2.0;36.5;25.1;1425;947;60.1;-2.9;1043;691;60.1;-2.3
1270;10;10;66;17;28;3;12;0;2;0;0;0;0;75;32;34;64;66;67;59;156;75218;2448;2720;100.5;2.8;2.6;31.1;31.2;1211;1232;49.6;-1.2;897;917;49.4;-1.2
1274;4;4;66;7;12;-55;226;1;0;0;0;4;2;515;27;14;71;52;54;47;66;81137;167;4298;101.8;1.6;4.0;17.0;54.3;721;2296;23.9;-1.9;516;1678;23.5;-2.4
1276;13;13;66;15;25;-13;14;5;5;2;1;0;0;100;30;26;147;63;68;55;212;81825;10141;5970;98.9;2.8;3.5;34.4;37.6;1461;1625;47.3;-0.9;1083;1203;47.4;-1.6
1282;3;3;66;8;13;-9;34;0;0;0;0;0;0;96;27;23;103;62;64;56;129;72208;2726;3367;99.1;2.2;2.6;30.8;31.8;1163;1258;48.0;-5.6;874;918;48.8;-5.4
1286;12;12;66;21;31;22;14;2;8;0;0;0;0;65;37;12;45;61;65;54;188;72037;7124;215;102.8;3.3;2.1;36.5;33.5;1342;1202;52.8;8.4;1001;888;53.0;7.9
1293;12;12;66;14;33;-3;18;1;3;1;1;0;0;103;34;34;44;65;68;58;171;80552;2659;4503;100.3;2.9;3.2;32.7;36.4;1340;1485;47.4;0.3;1009;1112;47.6;-0.3
1295;7;7;66;13;25;35;32;1;1;0;1;0;0;87;31;26;54;64;61;66;178;71639;3628;3460;101.3;4.0;2.3;43.1;28.2;1573;1061;59.7;1.6;1210;773;61.0;2.8
1300;3;3;66;5;14;-8;18;0;0;0;0;0;0;16;24;20;92;53;55;51;112;69820;19;1635;98.4;2.6;3.0;33.6;32.3;1219;1185;50.7;-1.6;915;864;51.4;-1.5
1311;10;10;66;16;40;-12;26;3;14;1;0;0;0;51;29;24;76;63;69;56;199;73718;8009;4735;99.2;2.6;3.0;32.2;33.7;1252;1243;50.2;-0.3;920;918;50.1;-0.3
1312;20;20;66;5;20;-40;4;0;0;0;0;0;0;20;44;18;27;59;59;57;95;70884;208;178;99.4;1.9;3.9;22.2;43.3;845;1644;33.9;-11.1;624;1208;34.1;-10.6
1313;13;13;66;17;40;-8;20;6;18;1;0;0;0;87;38;28;89;68;69;61;199;75227;9213;3784;98.5;2.2;2.6;35.2;34.1;1409;1377;50.6;4.1;1042;1010;50.8;3.7
1316;21;21;66;13;24;3;18;3;5;0;0;0;0;81;23;27;124;64;62;63;178;73097;11245;2500;100.5;2.8;2.6;32.6;32.3;1236;1282;49.1;1.4;924;936;49.7;2.2
1318;7;7;66;9;29;44;17;0;0;0;0;1;0;86;29;25;53;62;56;66;145;71274;107;5647;102.8;3.9;1.8;43.1;28.7;1621;1074;60.1;2.3;1195;788;60.3;1.7
1319;5;5;66;13;22;28;17;0;0;0;1;1;1;96;30;28;106;60;64;54;133;72977;0;5944;101.8;3.9;2.6;38.2;30.5;1438;1192;54.7;0.8;1087;878;55.3;1.2
1320;21;21;66;17;20;12;16;0;0;0;0;0;0;96;35;9;84;57;59;50;99;63346;79;2820;102.8;3.4;2.7;31.3;33.7;1025;1148;47.2;-1.4;761;839;47.6;-1.0
1323;8;8;66;8;22;-10;8;0;0;0;0;0;0;94;57;23;145;59;53;64;149;74395;109;5543;98.5;2.9;3.4;33.8;33.7;1315;1309;50.1;-2.6;947;979;49.2;-2.8
1326;10;10;66;4;29;0;11;1;6;0;0;1;0;88;25;20;130;64;57;70;158;76088;3772;1631;99.3;2.6;2.5;32.3;28.5;1335;1170;53.3;4.5;985;859;53.4;4.8
1327;11;11;66;3;9;-52;16;0;2;0;0;0;0;115;22;23;147;65;49;78;85;71722;1290;9480;98.6;1.5;4.0;20.2;46.2;770;1696;31.2;7.5;575;1238;31.7;7.9
1329;8;8;66;5;18;-5;30;0;4;0;0;2;0;44;46;35;186;57;53;60;101;73367;1991;1946;100.4;2.4;2.6;31.7;36.9;1259;1381;47.7;-6.2;902;1019;47.0;-6.1
1341;12;12;66;10;25;12;12;0;1;1;1;0;0;123;27;18;143;62;58;62;154;79595;2415;7444;100.6;3.0;2.6;36.4;33.3;1429;1316;52.1;7.6;1084;971;52.7;7.9
1353;18;18;66;9;18;-19;20;0;0;0;0;0;0;122;51;30;53;61;58;59;131;67898;153;3660;99.3;2.5;3.5;29.9;38.9;1037;1371;43.1;-7.9;778;1006;43.6;-7.1
1367;5;5;66;8;27;15;16;1;0;0;0;0;0;46;33;27;102;64;66;59;148;70533;1634;3052;100.6;3.3;2.6;38.0;31.4;1393;1218;53.4;-1.2;1020;884;53.6;-1.4
1370;21;21;66;5;17;-2;12;0;2;0;0;0;0;84;26;15;128;59;57;58;120;74410;2947;3670;101.8;2.8;2.7;30.4;36.7;1194;1463;44.9;-5.0;875;1083;44.7;-5.6
1376;7;7;66;17;21;13;18;0;1;1;1;0;0;67;35;28;63;59;60;56;151;72263;3482;1469;100.2;3.1;2.5;37.2;30.6;1470;1148;56.1;-3.7;1082;844;56.2;-4.4
1378;6;6;66;18;29;22;38;6;8;0;0;0;0;65;38;29;57;73;73;70;225;82339;6683;2006;99.6;3.6;2.6;40.7;28.5;1702;1247;57.7;5.1;1296;913;58.7;7.2
1381;11;11;63;1;5;-63;14;0;0;0;1;0;0;45;12;28;202;55;50;58;34;61232;117;8120;99.9;1.7;5.4;16.6;52.4;521;1662;23.9;-5.8;377;1208;23.8;-6.2
1386;10;10;66;14;30;19;4;1;1;0;0;0;0;64;34;18;36;56;60;51;147;75600;2462;1620;101.4;3.1;2.1;34.1;28.0;1360;1133;54.6;6.4;1010;812;55.4;7.9
1398;9;9;66;13;26;-6;45;0;0;0;0;0;0;60;35;28;67;58;62;51;138;70243;108;8158;99.1;3.1;3.3;33.6;33.1;1255;1194;51.2;2.8;933;883;51.4;2.7
1402;15;15;66;19;26;22;2;0;0;0;0;0;0;26;21;24;47;59;67;50;173;67635;130;346;99.1;3.9;2.8;43.2;27.5;1525;936;62.0;-0.1;1108;701;61.2;-0.7
1422;19;19;66;6;10;-5;8;0;0;0;0;0;0;42;15;11;16;53;57;48;75;53705;0;41;101.0;2.7;3.1;30.4;38.6;825;1060;43.8;-7.7;601;801;42.9;-9.2
1428;19;19;66;22;20;8;23;1;0;0;0;1;0;117;33;21;71;66;69;58;168;80326;2692;2807;99.8;3.3;2.9;35.8;31.2;1466;1339;52.3;4.3;1093;970;53.0;5.1
1435;5;5;66;24;22;-4;23;6;8;0;0;1;0;101;35;16;78;60;70;49;194;71580;6462;34;97.9;2.6;2.7;37.1;30.2;1399;1156;54.8;0.9;1032;844;55.0;0.7
1436;14;14;66;6;17;-47;18;0;0;0;0;0;0;58;34;19;76;58;64;51;118;77640;1936;6339;98.9;1.7;3.9;23.5;46.5;941;1897;33.2;-3.9;692;1412;32.9;-4.7
1456;12;12;66;21;28;2;32;0;1;1;0;0;0;125;41;11;59;63;69;52;180;77520;2886;2817;100.9;3.1;3.0;33.5;36.6;1309;1453;47.4;0.2;989;1080;47.8;0.1
1464;12;12;66;24;27;-4;26;4;1;0;1;0;0;96;43;22;74;61;64;55;184;80028;2674;3743;100.3;2.9;3.1;32.8;36.6;1328;1482;47.3;0.0;1003;1112;47.4;-0.5
1471;14;14;66;17;22;-8;16;1;2;0;0;0;0;84;47;25;77;60;66;51;157;80507;2883;339;102.1;2.5;2.9;27.7;41.1;1113;1747;38.9;5.2;832;1277;39.4;5.7
1485;14;14;66;16;34;-21;42;6;10;0;0;0;0;92;32;23;86;63;66;55;163;80507;8106;1057;101.3;2.6;3.4;27.5;41.0;1112;1736;39.0;5.3;832;1269;39.6;5.9
1487;10;10;66;8;19;-35;12;0;0;0;1;0;0;47;35;17;15;55;56;50;98;67485;34;5497;95.7;2.0;3.9;28.9;35.0;1073;1177;47.7;-3.9;777;887;46.7;-5.2
1500;5;5;66;4;14;-8;8;0;3;0;0;0;0;44;45;8;65;60;58;61;97;65883;2123;987;99.6;2.1;2.5;33.0;37.4;1149;1320;46.5;-11.1;851;961;47.0;-11.0
1506;19;19;66;8;23;-8;8;0;1;0;0;0;0;103;46;38;70;58;62;51;125;78673;2710;5286;98.1;3.3;3.7;35.0;32.4;1456;1372;51.5;3.0;1069;989;51.9;3.4
1518;8;8;66;11;22;-11;8;4;1;0;0;0;0;67;35;30;57;59;60;55;128;68149;2101;744;99.2;2.4;3.0;30.1;34.1;1093;1244;46.8;-7.2;783;898;46.6;-6.2
1521;12;12;66;11;13;-19;22;1;0;1;0;0;0;114;25;28;38;58;56;56;114;62106;188;3610;98.8;2.0;3.2;27.0;36.5;827;1219;40.4;-9.4;633;883;41.8;-8.3
1564;13;13;66;25;25;-9;18;6;6;0;1;0;0;88;48;22;61;60;62;56;191;73107;9086;4140;98.7;2.3;2.7;35.1;34.8;1381;1361;50.4;3.7;1014;996;50.4;3.1
1658;9;9;66;14;24;-8;41;1;1;0;0;1;0;115;38;17;80;63;61;60;167;71214;2812;574;100.0;2.7;3.1;29.9;33.7;1091;1259;46.4;-4.4;802;933;46.2;-4.9
1670;20;20;66;7;13;-31;6;1;0;0;0;0;0;109;26;8;40;56;60;47;126;71842;2020;258;98.6;1.9;3.4;28.2;41.9;988;1596;38.2;-4.9;760;1184;39.1;-3.2
1675;11;11;66;3;9;-68;86;0;0;0;0;1;0;227;19;8;84;50;51;48;36;64183;81;3143;100.6;1.6;5.4;15.1;55.0;481;1832;20.8;-7.8;351;1342;20.7;-8.2
1684;8;8;66;5;15;8;13;0;0;0;0;1;0;64;23;16;97;52;53;50;141;71164;76;5557;98.9;3.2;2.8;38.9;30.0;1485;1103;57.4;8.3;1074;824;56.6;8.3
1701;18;18;66;11;17;-2;12;2;3;0;0;0;0;103;30;26;75;59;51;65;155;72089;3228;2734;99.8;2.5;2.6;34.8;35.1;1302;1341;49.3;1.2;971;983;49.7;1.8
1706;20;20;66;8;19;-10;20;0;0;0;0;0;0;85;27;24;67;58;63;50;135;73069;1958;2591;99.9;2.7;3.1;30.9;35.8;1168;1416;45.2;5.6;866;1044;45.3;6.2
1715;19;19;66;3;12;-8;14;0;0;0;0;0;0;59;29;16;63;56;53;58;101;52940;2627;1468;99.2;2.5;3.1;32.6;36.5;860;1000;46.2;-4.4;637;747;46.0;-5.0
1722;14;14;66;8;18;-43;38;2;8;0;0;0;0;92;27;11;116;62;61;62;133;71325;8710;2435;98.5;1.4;3.4;23.0;44.5;862;1701;33.6;-3.0;631;1236;33.8;-3.1
1751;18;18;66;14;21;-15;8;2;2;1;0;0;0;126;53;32;83;64;70;55;190;72471;3909;3511;98.0;2.5;3.3;34.6;35.2;1306;1321;49.7;1.9;965;994;49.3;1.2
1756;20;20;66;4;9;-24;22;0;0;0;0;0;0;86;39;12;58;52;47;56;68;69034;93;2754;99.6;2.1;3.4;26.8;40.3;977;1457;40.1;-2.0;719;1100;39.5;-2.5
1775;18;18;66;15;23;-18;12;4;3;0;0;0;0;96;37;34;82;61;62;55;161;73240;3799;314;97.6;2.5;3.3;34.7;35.1;1313;1317;49.9;2.2;976;997;49.5;1.5
1776;18;18;66;7;9;-20;21;0;0;0;0;1;0;48;29;18;62;55;54;55;92;62829;0;2897;97.8;2.5;3.7;31.3;36.4;1046;1168;47.2;-1.7;761;854;47.1;-1.9
1804;14;14;66;20;39;-9;20;7;14;1;1;0;0;128;43;20;16;65;70;55;171;79541;7961;4205;102.4;2.7;3.0;27.7;41.7;1103;1739;38.8;5.0;827;1276;39.3;5.5
1808;8;8;66;6;10;-5;8;0;0;0;0;0;0;69;32;15;73;58;50;65;118;72366;0;2792;100.2;2.2;2.5;31.1;36.2;1240;1352;47.8;-6.0;882;996;47.0;-6.0
1817;12;12;66;3;11;-22;14;0;0;0;0;0;0;47;18;9;56;54;57;48;96;60238;162;717;98.4;2.0;3.3;27.0;36.8;800;1188;40.2;-9.6;616;863;41.6;-8.3
1820;8;8;66;6;12;-5;18;0;0;0;0;0;0;64;21;16;60;51;54;48;96;71750;63;1664;99.3;3.1;3.4;34.3;34.3;1284;1288;49.9;-2.9;922;967;48.8;-3.3
1824;4;4;66;13;14;-58;22;1;4;0;0;0;0;75;46;16;150;54;56;49;90;80505;7049;1785;101.3;1.6;4.1;17.0;51.5;719;2210;24.5;-0.8;518;1615;24.3;-1.1
1825;14;14;66;5;14;-12;80;0;0;0;2;2;1;314;18;18;125;53;51;54;76;60389;321;5504;100.5;2.3;3.1;28.6;42.0;838;1376;37.9;3.1;632;1012;38.4;3.6
1831;18;18;66;10;11;-6;14;0;0;0;0;0;0;105;30;12;45;54;59;47;115;67018;45;2029;101.2;2.8;3.2;30.5;38.7;1041;1345;43.6;-7.0;777;991;43.9;-6.6
1835;5;5;66;15;19;21;12;0;0;1;0;0;0;76;40;12;73;56;61;49;149;69708;141;1029;101.3;3.4;2.4;38.3;31.2;1375;1200;53.4;-1.1;1011;873;53.7;-1.3
1837;0;0;66;6;14;14;16;0;0;0;0;0;0;59;26;15;63;52;52;51;116;61432;284;2151;100.6;3.1;2.3;38.3;30.4;1248;977;56.1;-12.8;916;738;55.4;-13.0
1846;3;3;66;15;13;-7;44;2;0;0;0;0;0;12;31;20;26;56;62;49;131;70275;2905;29;99.4;2.3;2.6;30.7;32.2;1129;1247;47.5;-6.3;852;903;48.5;-5.7
1847;4;4;66;6;10;-48;10;0;0;0;0;0;0;48;22;6;82;53;56;48;58;51869;106;3078;99.9;1.2;4.6;14.2;51.2;402;1306;23.5;-1.9;294;972;23.2;-2.3
1852;11;11;66;4;7;-62;12;0;0;0;0;0;0;66;30;10;21;49;54;43;74;63665;1934;2899;97.4;0.8;4.3;14.4;50.9;471;1702;21.7;-6.4;347;1233;22.0;-6.3
1858;9;9;66;13;18;-11;22;0;0;0;0;0;0;67;41;27;30;54;59;48;108;69580;62;3401;99.2;2.7;3.4;29.5;33.4;1061;1217;46.6;-4.1;776;909;46.1;-5.1
1859;12;12;66;9;15;-24;14;0;5;0;1;0;0;45;20;5;31;55;57;52;93;59734;7619;276;98.1;1.9;3.3;27.0;36.6;795;1174;40.4;-9.4;611;851;41.8;-8.1
1864;19;19;66;7;7;-5;12;0;0;1;0;0;0;55;31;27;40;50;49;50;64;51300;147;1359;99.7;2.7;3.2;32.7;36.6;832;974;46.1;-4.6;620;728;46.0;-5.0
1866;4;4;66;2;3;-42;14;0;0;0;0;0;0;28;23;16;78;51;50;51;68;77544;7362;8490;102.5;1.5;3.4;17.2;52.6;690;2076;24.9;-0.1;504;1539;24.7;-0.5
1867;0;0;66;10;28;21;14;0;0;0;0;0;0;59;34;14;26;59;64;51;134;71321;85;531;99.6;3.5;2.5;44.0;29.4;1604;1069;60.0;-8.0;1201;813;59.6;-7.8
1868;14;14;66;6;13;-24;6;0;0;1;0;0;0;18;31;12;15;49;54;43;84;55799;0;4371;99.7;2.0;3.7;25.0;44.1;681;1315;34.1;-2.1;501;953;34.5;-1.9
1872;7;7;66;10;28;20;14;1;2;0;0;0;0;73;34;12;40;56;59;49;148;71555;3353;73;100.1;3.7;2.7;41.7;30.7;1601;1119;58.9;0.3;1183;834;58.7;-0.8
1876;10;10;66;9;7;-23;14;0;0;0;0;0;0;33;30;14;8;51;55;47;101;66823;34;122;97.3;1.9;3.2;27.6;32.9;997;1151;46.4;-5.6;728;878;45.3;-7.1
1881;13;13;66;1;4;-14;14;0;0;0;0;0;0;52;19;14;92;52;51;53;77;48423;0;2297;98.4;1.7;2.8;31.9;40.4;797;1062;42.9;-6.6;604;763;44.2;-5.4
1882;21;21;66;8;18;6;8;0;0;0;0;0;0;64;35;6;13;54;57;48;98;62209;30;698;101.7;3.4;3.0;31.8;34.1;1028;1122;47.8;-0.5;765;827;48.1;-0.3
1888;11;11;66;2;2;-56;30;0;0;0;0;0;0;69;12;7;3;47;52;41;44;61544;0;38;97.7;0.9;4.2;14.7;50.0;466;1634;22.2;-5.6;346;1182;22.6;-5.2
1890;18;18;66;13;22;-27;26;4;3;0;0;0;0;78;33;16;39;54;61;46;152;71018;3710;252;96.4;2.1;3.4;34.1;35.6;1271;1290;49.6;1.8;944;973;49.2;1.1
1892;19;19;66;8;26;-9;18;1;9;0;0;0;0;102;48;18;63;63;58;67;167;81933;8896;3825;99.0;3.0;3.3;33.8;33.3;1448;1451;49.9;0.6;1074;1051;50.5;1.2
1895;3;3;66;3;6;-8;18;0;0;0;0;0;0;72;41;7;73;55;52;57;74;68214;67;1350;98.7;2.6;3.0;32.4;32.6;1122;1243;47.4;-6.4;846;887;48.8;-5.3
1897;19;19;66;11;17;-6;16;0;0;0;1;0;0;40;29;17;45;57;58;53;96;55496;14;2338;100.9;2.8;3.2;30.4;39.1;853;1098;43.7;-7.9;621;832;42.7;-9.5
1899;4;4;66;3;9;-49;22;2;1;0;0;0;0;42;22;13;33;51;53;49;43;49762;2940;3908;99.7;1.2;4.7;14.0;51.7;386;1260;23.5;-2.0;285;945;23.2;-2.3
1917;1;1;66;15;24;31;14;0;0;0;0;0;0;40;23;21;38;57;64;50;141;68683;0;13;100.7;4.0;2.4;41.0;26.3;1476;977;60.2;-2.7;1096;726;60.2;-2.2
1923;7;7;66;11;27;38;28;0;0;0;0;0;0;85;29;14;36;53;58;47;140;71596;67;485;101.7;4.1;2.2;43.3;28.3;1536;1122;57.8;-1.3;1170;802;59.3;0.3
1926;14;14;66;9;14;-24;10;0;0;1;0;0;0;98;26;23;49;57;57;52;81;57881;300;6724;100.2;2.2;3.7;25.3;43.4;717;1347;34.7;-1.3;526;976;35.0;-1.2
1935;11;11;66;6;21;-56;30;0;5;0;0;0;0;33;19;29;68;55;57;52;83;74683;5112;1473;101.7;1.9;4.6;17.6;50.0;689;1901;26.6;0.6;522;1407;27.1;1.0
1939;12;12;66;1;9;-11;20;0;0;0;0;0;0;91;13;19;72;52;50;52;55;60988;192;2170;101.7;2.5;3.1;26.1;40.3;858;1268;40.4;-9.7;628;945;39.9;-10.9
1943;15;15;66;11;27;26;14;0;0;0;0;0;0;41;38;11;45;55;62;47;132;67799;10;126;101.1;3.5;2.1;36.5;24.8;1380;913;60.2;-2.7;1006;663;60.3;-2.1
1945;15;15;66;7;19;25;10;0;0;0;0;0;0;52;33;13;53;51;52;49;130;68615;25;1678;98.8;3.6;2.3;42.9;24.3;1548;849;64.6;3.8;1138;622;64.7;4.3
1948;14;14;66;16;24;-52;30;5;9;0;0;2;0;101;42;14;60;58;61;52;112;78384;7914;1128;98.9;1.8;4.0;23.4;45.7;945;1875;33.5;-3.4;697;1392;33.4;-3.9
1951;12;12;66;7;8;-15;19;2;0;0;1;1;0;14;36;17;108;56;52;60;94;63486;2358;2374;101.1;2.4;3.3;26.9;41.1;893;1327;40.2;-10.0;662;991;40.0;-11.0
1956;13;13;66;1;9;-16;17;0;0;0;1;1;1;48;19;4;41;54;52;55;62;49291;65;1779;98.2;1.9;3.1;32.0;40.7;818;1076;43.2;-6.2;615;779;44.1;-5.6
1964;10;10;66;10;14;-19;30;3;6;0;1;0;0;53;25;10;30;62;60;63;129;63985;8651;1161;98.2;2.5;3.3;31.6;34.3;1013;1138;47.1;-4.7;773;849;47.7;-3.7
1968;0;0;66;6;19;10;25;0;0;0;0;1;0;87;36;14;65;64;55;69;114;60027;301;2582;99.8;3.3;2.8;38.2;31.4;1205;980;55.1;-14.0;885;744;54.3;-14.4
1969;1;1;66;7;17;27;8;0;0;0;1;0;0;67;27;18;56;51;52;48;122;65764;113;1008;101.2;3.8;2.4;40.2;28.6;1377;1022;57.4;-6.7;1008;755;57.2;-6.5
1970;18;18;66;14;17;-18;10;0;0;0;0;0;0;58;23;24;97;55;59;50;109;66653;179;267;99.4;2.5;3.5;30.1;38.9;1032;1342;43.5;-7.2;774;982;44.1;-6.4
1973;6;6;66;5;17;10;10;0;0;0;0;0;0;86;26;19;67;58;53;61;104;65290;249;2104;101.3;3.0;2.5;37.5;36.8;1282;1165;52.4;-3.0;937;892;51.2;-4.2
